model,replication,bias,squared_error,covered,parameter_class,parameter,recovered_mean,recovered_median,lower_interval,upper_interval,rhat,ess_bulk,ess_tail,true_value
M7_single_alpha_full_response,2,-0.3892625034132251,0.1515252965635311,TRUE,group_mu_alpha_general_raw,mu_alpha_raw[1],-1.538701203413225,-1.53696415,-2.28095807,-0.7994017910000013,1.0029547791695124,558.9100764772788,1024.0800161706068,-1.1494387
M7_single_alpha_full_response,2,-0.5062119311749997,0.25625051926392267,TRUE,group_sigma_alpha_general_raw,sigma_alpha_raw[1],2.705279768825,2.6821858,2.169633205,3.323136335,1.0001952255864452,2010.4607049306,2123.790170192114,3.2114917
M7_single_alpha_full_response,2,0.28503939586561,0.08124745719543193,TRUE,group_mu_beta_raw,mu_beta_raw,0.25370491586561,0.27377223500000003,-0.140617626,0.6093359155,1.0105184792408735,415.08343483443747,588.6820941944487,-0.03133448
M7_single_alpha_full_response,2,0.013623795575000042,1.856078058693907e-4,TRUE,group_sigma_beta_raw,sigma_beta_raw,1.598496495575,1.5879208500000002,1.29083806,1.9494333599999996,1.0078108480223065,538.8652169751422,1447.8341950449524,1.5848727
M7_single_alpha_full_response,2,-0.20817740610169794,0.043337832411231264,TRUE,alpha_general,"alpha[1,1]",0.3888893138983021,0.295364185,0.002285825230000001,0.9736551204999999,1.000283043395688,4132.51335487863,2927.868549941425,0.59706672
M7_single_alpha_full_response,2,0.362163497351221,0.13116239881366787,TRUE,alpha_general,"alpha[2,1]",0.410794669351221,0.346271715,0.0033880759400000005,0.9702908859999999,1.0002582023134234,3989.3961651685963,3085.068170558873,0.048631172
M7_single_alpha_full_response,2,0.07573471600968248,0.005735747209067257,FALSE,alpha_general,"alpha[3,1]",0.07578033877568248,0.015389799499999999,5.123084035000002e-4,0.5052594044999995,1.0028295814117594,2196.1905932796826,1615.506569182003,4.5622766e-5
M7_single_alpha_full_response,2,-0.23174915941499996,0.05370767288955906,TRUE,alpha_general,"alpha[4,1]",0.711155880585,0.727771095,0.369720989,0.9793021120000001,1.0016500462223283,3631.7270770841415,2549.5385910568943,0.94290504
M7_single_alpha_full_response,2,-0.717505207728009,0.5148137231168133,FALSE,alpha_general,"alpha[5,1]",0.0660215622719911,0.015038841,0.0014047666700000004,0.44147223649999473,1.0016218014898899,1585.3691600451727,860.2712575247716,0.78352677
M7_single_alpha_full_response,2,-0.04379552280749999,0.0019180478179822516,TRUE,alpha_general,"alpha[6,1]",0.8509561671925,0.884625395,0.58999436,0.9940546745,1.0003440441292542,4315.609174431501,2580.638666003186,0.89475169
M7_single_alpha_full_response,2,0.5258261702250575,0.27649316129355117,FALSE,alpha_general,"alpha[7,1]",0.5316407475250575,0.548074745,0.027809783350000002,0.96280766,1.001165021457386,3768.9998508802187,1823.1224181762864,0.0058145773
M7_single_alpha_full_response,2,-0.7033262776747939,0.49466785286788134,FALSE,alpha_general,"alpha[8,1]",0.208277542325206,0.06301880900000001,0.00170490195,0.8917809229999997,1.0007070251860777,3719.7440216207824,2654.5292660215932,0.91160382
M7_single_alpha_full_response,2,0.10409694140244624,0.010836173209344326,TRUE,alpha_general,"alpha[9,1]",0.25390146140244624,0.100329345,0.0012712829950000002,0.9305852544999998,1.0009971284937982,4260.481544854209,2731.6070313709965,0.14980452
M7_single_alpha_full_response,2,0.0018297773364802674,3.3480851010968216e-6,TRUE,alpha_general,"alpha[10,1]",0.0024359836464802674,0.0017950469,1.4526413750000006e-4,0.007045106114999998,1.0025082506708947,3762.0589422960134,2386.2502265005733,6.0620631e-4
M7_single_alpha_full_response,2,0.04877421948797182,0.0023789244866608502,TRUE,alpha_general,"alpha[11,1]",0.051572913187971824,0.0056916395500000005,2.72901104e-4,0.29800213949999976,1.0007400934315631,2628.585971334092,2157.08866702071,0.0027986937
M7_single_alpha_full_response,2,-0.021085949406000004,4.4461726235239194e-4,TRUE,alpha_general,"alpha[12,1]",0.223049200594,0.21546932000000002,0.1356259535,0.33435203999999996,1.0008610975433543,6092.043174704604,2892.1912974227,0.24413515
M7_single_alpha_full_response,2,0.203801797232636,0.04153517255525248,TRUE,alpha_general,"alpha[13,1]",0.205290292332636,0.0627959555,0.0014587958450000002,0.8705176894999999,1.0007815000359255,4389.437317828163,2879.558069734197,0.0014884951
M7_single_alpha_full_response,2,0.32103815847392764,0.10306549919633068,TRUE,alpha_general,"alpha[14,1]",0.32570408317392763,0.170338985,0.002316502665,0.9573464119999999,0.9994388098253548,4034.510710142994,3297.040854581083,0.0046659247
M7_single_alpha_full_response,2,-0.26615536205687507,0.07083867675162625,TRUE,alpha_general,"alpha[15,1]",0.536039357943125,0.525331985,0.1882293225,0.9175205599999999,1.000662226594509,3868.457406259636,2008.2564732207245,0.80219472
M7_single_alpha_full_response,2,-0.5561195358999036,0.30926893820952417,TRUE,alpha_general,"alpha[16,1]",0.30208515410009645,0.14025132,0.0015911822850000002,0.9534964024999998,1.0007289763137333,4621.143059927257,2825.3833725777868,0.85820469
M7_single_alpha_full_response,2,0.25403101873859124,0.0645317584813665,TRUE,alpha_general,"alpha[17,1]",0.25572700033859125,0.095481998,9.166459270000001e-4,0.9319232824999998,1.0006368761479578,4685.965520870888,2602.9254674209938,0.0016959816
M7_single_alpha_full_response,2,0.002534595662557537,6.424175172655481e-6,TRUE,alpha_general,"alpha[18,1]",0.2832095556625575,0.21410023,0.0406557735,0.8133708209999999,1.0019812910574055,3205.005552986835,1911.7800089316179,0.28067496
M7_single_alpha_full_response,2,0.1415043065579251,0.02002346877443924,TRUE,alpha_general,"alpha[19,1]",0.2054597385579251,0.066535654,0.0017272214900000001,0.8921634264999999,1.0012706854084958,4427.313959885636,2732.5115828321373,0.063955432
M7_single_alpha_full_response,2,0.12289614333682083,0.015103462047064411,TRUE,alpha_general,"alpha[20,1]",0.27816981333682084,0.12278901,0.0012111356950000002,0.947522298,0.9999039197158668,4413.557676157123,2952.0658848437442,0.15527367
M7_single_alpha_full_response,2,0.09944586341499995,0.009889479750354825,TRUE,alpha_general,"alpha[21,1]",0.818489553415,0.852246395,0.5267590535000001,0.9896108124999999,1.0014771897936365,4626.180780528986,2487.658994238066,0.71904369
M7_single_alpha_full_response,2,0.32570329857709673,0.10608263870400142,TRUE,alpha_general,"alpha[22,1]",0.34630306657709675,0.17549188500000001,0.00126967454,0.9750191869999999,1.0005893206990897,4314.318294537906,2851.7219121695175,0.020599768
M7_single_alpha_full_response,2,0.0026440036569784,6.990755338115152e-6,TRUE,alpha_general,"alpha[23,1]",0.0029259893369784,0.0022858180000000002,1.79290562e-4,0.007714956589999999,0.9994446017215473,4738.09343613136,2178.4588284894107,2.8198568e-4
M7_single_alpha_full_response,2,-0.06461227174256501,0.004174745659735065,TRUE,alpha_general,"alpha[24,1]",0.660380668257435,0.6700322,0.27942467,0.9773064229999999,1.0020951407192007,3927.3913444410327,2098.08261249417,0.72499294
M7_single_alpha_full_response,2,-0.620182301487381,0.3846260870781847,FALSE,alpha_general,"alpha[25,1]",0.34448720851261905,0.212518235,0.0024840307600000004,0.9586906969999999,1.0001170228520333,4866.854734183029,3151.431799685209,0.96466951
M7_single_alpha_full_response,2,-2.348747063124993e-4,5.5166127665382804e-8,TRUE,alpha_general,"alpha[26,1]",0.0067917633936875,0.0064832955500000004,0.00224250655,0.01245477235,1.0006295630896445,4995.652383824535,2264.940555291308,0.0070266381
M7_single_alpha_full_response,2,0.0585244962527811,0.003425116661641789,FALSE,alpha_general,"alpha[27,1]",0.0722141962527811,0.06898637,0.01921563395,0.13288718349999998,1.0004879385708363,2149.7140095260697,967.2691118387073,0.0136897
M7_single_alpha_full_response,2,0.002605615504260528,6.789232156042845e-6,TRUE,alpha_general,"alpha[28,1]",0.17778730550426053,0.055762926500000004,0.002819205750000001,0.8507547995,1.0014903247183187,3511.596427475343,2005.6135461704118,0.17518169
M7_single_alpha_full_response,2,0.233666089948955,0.05459984159203313,TRUE,alpha_general,"alpha[29,1]",0.343408619948955,0.296099325,0.09691208570000001,0.7604826509999999,0.9999930356666809,4028.488976347213,2325.436282684529,0.10974253
M7_single_alpha_full_response,2,0.11689037512824996,0.013663359797622995,TRUE,alpha_general,"alpha[30,1]",0.75690381512825,0.791949075,0.41989340500000005,0.9874235725,1.0014119739322818,4262.274584981545,2524.33761221974,0.64001344
M7_single_alpha_full_response,2,-0.16977764529085304,0.028824448840506715,TRUE,alpha_general,"alpha[31,1]",0.22202275470914695,0.17242504,0.00511521616,0.6419445864999996,1.0013721313942558,3093.9168109276384,2054.6494896023128,0.3918004
M7_single_alpha_full_response,2,-0.4894025481727986,0.23951485415802845,TRUE,alpha_general,"alpha[32,1]",0.21360755182720134,0.0303493585,5.08638873e-4,0.9445627454999999,1.0027267338512207,2499.683402383679,3038.3461021162293,0.7030101
M7_single_alpha_full_response,2,0.2195001697988645,0.048180324541730345,TRUE,alpha_general,"alpha[33,1]",0.2727564607988645,0.13174601000000002,0.00162629765,0.9314751075,1.0005489632295361,5528.797267302995,2399.995791856213,0.053256291
M7_single_alpha_full_response,2,-0.3770855203194098,0.14219348963456002,TRUE,alpha_general,"alpha[34,1]",0.5682915696805902,0.703782245,0.0029294685250000007,0.98910632,1.0007262520121718,2873.207214241792,2888.6336399559864,0.94537709
M7_single_alpha_full_response,2,-0.00142868999320504,2.0411550966842173e-6,TRUE,alpha_general,"alpha[35,1]",9.4697040679496e-4,7.64385575e-4,6.681633255000002e-5,0.002433563505,1.0004432148311684,4300.617759306856,2657.7249063695963,0.0023756604
M7_single_alpha_full_response,2,-0.5370448781751493,0.288417201174161,TRUE,alpha_general,"alpha[36,1]",0.4407073018248506,0.37137928,0.003881644715000001,0.983557295,0.9995877602103891,3816.82899924978,3220.543632143629,0.97775218
M7_single_alpha_full_response,2,0.2682090723778237,0.07193610650577267,TRUE,alpha_general,"alpha[37,1]",0.3320152543778237,0.21099867,0.0025780365350000015,0.94395033,1.0006341067827382,5045.546642780591,2664.591046164703,0.063806182
M7_single_alpha_full_response,2,0.18191526390787505,0.03309316324267183,TRUE,alpha_general,"alpha[38,1]",0.705143983907875,0.75170733,0.26396021000000003,0.9850531535,1.0001841524692658,4403.922064265694,2551.3582236819702,0.52322872
M7_single_alpha_full_response,2,-0.09166222237071109,0.008401963009937688,TRUE,alpha_general,"alpha[39,1]",0.566141287629289,0.5844305700000001,0.07744360335000001,0.97411809,0.9997948103050808,4270.251802415212,2008.750520684576,0.65780351
M7_single_alpha_full_response,2,0.0065759374716603996,4.324295363118737e-5,FALSE,alpha_general,"alpha[40,1]",0.0079650599716604,0.007151984,0.0015280334700000001,0.01713639849999999,1.0028809126823155,4267.251434901945,1441.0976857801832,0.0013891225
M7_single_alpha_full_response,2,0.0973281795335915,0.00947277453132302,TRUE,alpha_general,"alpha[41,1]",0.1736975185335915,0.0702364035,0.00186649388,0.8071594674999997,0.9996064579291402,4617.76443613743,3064.4324106283166,0.076369339
M7_single_alpha_full_response,2,0.07492063368679618,0.0056131013520310975,TRUE,alpha_general,"alpha[42,1]",0.07762536358679617,0.024799218,7.076748890000001e-4,0.3503626609999999,1.0008793881525153,3862.301631888889,2724.1536620360994,0.0027047299
M7_single_alpha_full_response,2,-0.07091758142128252,0.005029303354644235,TRUE,alpha_general,"alpha[43,1]",0.3470088485787175,0.303991505,0.021529279150000004,0.8253607274999998,1.0000643871461086,4416.857663555672,2517.543941070508,0.41792643
M7_single_alpha_full_response,2,-0.2020331963045,0.040817412409012634,TRUE,alpha_general,"alpha[44,1]",0.7864261636955,0.82915201,0.4434489245,0.9910524555,1.0007526736780898,4482.994906230746,2572.2999896424267,0.98845936
M7_single_alpha_full_response,2,-0.14351058282582502,0.020595287383007983,TRUE,alpha_general,"alpha[45,1]",0.298978617174175,0.231947215,0.07613581665,0.7718124909999999,1.0013368977230217,3534.96425233341,1766.3954952695572,0.4424892
M7_single_alpha_full_response,2,-0.050537241563249985,0.002554012784822282,TRUE,alpha_general,"alpha[46,1]",0.24077798843675,0.224021745,0.1336816045,0.4037802695,1.0003244402609404,6684.600736394269,3032.7360996055027,0.29131523
M7_single_alpha_full_response,2,0.26770495301668545,0.07166594186966577,TRUE,alpha_general,"alpha[47,1]",0.28907472801668543,0.166022075,0.0026627099950000004,0.9124396695,0.9996644905806854,5229.94562502399,2608.9729809055193,0.021369775
M7_single_alpha_full_response,2,0.21338302095489098,0.04553231363183544,TRUE,alpha_general,"alpha[48,1]",0.325241960954891,0.22236307500000002,0.0020841316750000003,0.93972454,1.0013782441003878,3891.6909726774775,2830.1767261193654,0.11185894
M7_single_alpha_full_response,2,0.021965537841439564,4.824848526637135e-4,TRUE,alpha_general,"alpha[49,1]",0.43079824784143955,0.3906926,0.0074475709450000024,0.9675291719999999,1.0006716560083742,4536.980945091165,2418.8368309312104,0.40883271
M7_single_alpha_full_response,2,-0.192646320872318,0.03711260494564011,TRUE,alpha_general,"alpha[50,1]",0.155456109127682,0.134335145,0.040014365700000006,0.35116766599999993,1.0019604636487964,4625.966797785607,1856.157986425211,0.34810243
M7_single_alpha_full_response,2,-0.02482286184549326,6.16174470200445e-4,TRUE,alpha_general,"alpha[51,1]",0.17122632815450675,0.0971531695,0.00926916599,0.651970965,1.0007391380284696,3169.4903962521703,1558.647133760771,0.19604919
M7_single_alpha_full_response,2,0.03597564223799998,0.0012942468344365684,TRUE,alpha_general,"alpha[52,1]",0.203595772238,0.19621102,0.13159140800000002,0.29938996199999995,1.0008777505983408,5936.156360285816,2761.5354398760783,0.16762013
M7_single_alpha_full_response,2,0.007072532837778749,5.0020720741458715e-5,TRUE,alpha_general,"alpha[53,1]",0.02334967083777875,0.010336804,6.31622633e-4,0.05132006929999997,1.0011808876825725,2862.8550858132317,1565.4620767656522,0.016277138
M7_single_alpha_full_response,2,0.1797672411691094,0.032316260997552734,TRUE,alpha_general,"alpha[54,1]",0.1897527984691094,0.06590373050000001,0.0014508182250000002,0.8642053654999999,0.9999106412873389,4308.037782989102,3018.5208916369183,0.0099855573
M7_single_alpha_full_response,2,-0.27584884186226005,0.07609258355675015,TRUE,alpha_general,"alpha[55,1]",0.42598965813774,0.39534261,0.116283824,0.867556244,1.0039731614258096,3278.2514888509895,1970.326018242192,0.7018385
M7_single_alpha_full_response,2,0.3612254144385215,0.13048380003628163,TRUE,alpha_general,"alpha[56,1]",0.3922120704385215,0.288646365,0.004841362090000001,0.9702699735,1.0014010704632952,4143.547988686842,2800.9639241236528,0.030986656
M7_single_alpha_full_response,2,0.2109536726195613,0.04450145199168105,TRUE,alpha_general,"alpha[57,1]",0.2485298956195613,0.15957011999999998,0.0019948805000000003,0.8491186989999998,1.001536606912447,4093.029424242974,2563.203535221121,0.037576223
M7_single_alpha_full_response,2,0.05691026609982501,0.003238778387552892,TRUE,alpha_general,"alpha[58,1]",0.159000376099825,0.147173105,0.07777954875,0.2783258684999997,1.0009601639772365,5633.086010692295,2628.8354457250884,0.10209011
M7_single_alpha_full_response,2,0.011797199097250008,1.391739065401564e-4,TRUE,alpha_general,"alpha[59,1]",0.08216333109725,0.08007191599999999,0.0551154585,0.1161048195,1.0014962486497276,4687.552489859603,3102.5588474527326,0.070366132
M7_single_alpha_full_response,2,0.005286435524999966,2.7946400559981668e-5,TRUE,alpha_general,"alpha[60,1]",0.355883605525,0.34990176,0.25347483249999997,0.47542714599999997,1.0006490469160862,5006.995212675235,3373.6210145549585,0.35059717
M7_single_alpha_full_response,2,0.06048136774749999,0.0036579958446083314,TRUE,alpha_general,"alpha[61,1]",0.2939312877475,0.286865475,0.2062787955,0.40115664299999987,0.9999716273522892,5277.79666089274,3392.092401612079,0.23344992
M7_single_alpha_full_response,2,-0.4193657912196934,0.1758676668453195,FALSE,alpha_general,"alpha[62,1]",0.5650354687803065,0.61736556,0.009163063605,0.9792165325,1.0024477050977598,3000.8820641886973,2429.679524268245,0.98440126
M7_single_alpha_full_response,2,-0.140253165495,0.019670950431367858,FALSE,alpha_general,"alpha[63,1]",0.859319254505,0.863791165,0.712094501,0.9873251820000001,1.0004725427669117,3185.371344857907,2298.9855850020253,0.99957242
M7_single_alpha_full_response,2,-0.20530452343598005,0.04214994734327488,FALSE,alpha_general,"alpha[64,1]",0.79372774656402,0.86680123,0.28003449750000003,0.9924416255,1.0012296909202605,3519.6378798033843,1238.7309262343942,0.99903227000000006
M7_single_alpha_full_response,2,0.31091243819070746,0.09666654422169049,TRUE,alpha_general,"alpha[65,1]",0.3977111671907075,0.31209363,0.06103479065000001,0.9430869804999997,1.0019367623404427,3546.2676681481244,2340.436555552881,0.086798729
M7_single_alpha_full_response,2,-0.8707208635683751,0.7581548222532568,FALSE,beta,beta[1],0.423728336431625,0.35059759,0.05096881800000001,1.0367263849999997,1.0012173927098886,5095.602748720187,2665.8797341749173,1.2944492
M7_single_alpha_full_response,2,-0.061152563801525006,0.0037396360594995864,TRUE,beta,beta[2],0.308129926198475,0.243603345,0.03710522755000001,0.788647048,1.0000955172811636,4315.229702806005,2420.557940719465,0.36928249
M7_single_alpha_full_response,2,-2.04897853717725,4.198313045813024,FALSE,beta,beta[3],1.93927856282275,1.91837415,0.647907366,3.315234,1.0000766427125667,1991.9473138674477,1357.809931638909,3.9882571000000002
M7_single_alpha_full_response,2,0.7603873663750003,0.5781889469427088,TRUE,beta,beta[4],4.723667366375,4.58815495,3.0585604350000004,6.898081064999997,1.0009538695802158,4777.815044585464,2794.684098182377,3.96328
M7_single_alpha_full_response,2,1.26452465066235,1.5990225921327383,FALSE,beta,beta[5],1.33690553766235,1.31827125,0.191375746,2.633154074999999,1.0009127911169833,1280.7207290174526,1125.9105204122422,0.072380887
M7_single_alpha_full_response,2,0.5333939812874999,0.28450913927372984,TRUE,beta,beta[6],3.1924834812875,3.15749765,2.1498771199999998,4.37450551,1.0017899202466298,6482.707820819531,2437.9788521046503,2.6590895
M7_single_alpha_full_response,2,0.8640391458059999,0.7465636454851621,FALSE,beta,beta[7],1.097584965806,1.08146195,0.3291065875,1.932577055,1.0002127945548234,2956.6327559358915,1571.4641237293154,0.23354582
M7_single_alpha_full_response,2,0.33346890130015,0.11120150813432918,FALSE,beta,beta[8],0.34891612230015,0.265626695,0.03856520595,0.950618877,0.9997971600294326,3468.3704008514715,2534.7348599550432,0.015447221
M7_single_alpha_full_response,2,0.06921597867884999,0.004790851704471016,TRUE,beta,beta[9],0.36745046867885,0.25850618000000003,0.0320466825,1.07616384,1.0004174883399766,4492.871296298899,2260.5067643133316,0.29823449
M7_single_alpha_full_response,2,-6.7171250165000025,45.11976848729016,TRUE,beta,beta[10],28.9241469835,28.037559,18.5028,42.994105999999995,0.9997312331358382,4620.425072942693,3387.3668589274903,35.641272
M7_single_alpha_full_response,2,-0.18699787362990494,0.0349682047421059,TRUE,beta,beta[11],1.014980526370095,0.9179669,0.07910012245,2.2941980699999984,0.9997361529080719,2108.664765669856,2310.0249039132486,1.2019784
M7_single_alpha_full_response,2,-0.9994052981500001,0.9988109499702906,TRUE,beta,beta[12],7.48223190185,7.4261965,5.310150645,9.9965557,0.9996172694782528,5329.698108176712,2849.335221252582,8.4816372
M7_single_alpha_full_response,2,0.185140636806275,0.034277055397033025,TRUE,beta,beta[13],0.313848036806275,0.22250018,0.031462196750000004,0.8899421729999998,0.9996560426722564,4265.613889788344,2868.4730354279554,0.1287074
M7_single_alpha_full_response,2,0.30271305720565,0.09163519500279113,TRUE,beta,beta[14],0.48488804720565,0.40094251000000003,0.057837650500000004,1.1958640249999994,1.0012351837860691,4320.569519574206,2220.1280863226352,0.18217499
M7_single_alpha_full_response,2,0.12607476269499962,0.015894845788600467,TRUE,beta,beta[15],2.2480455626949998,2.20719485,1.19949707,3.4386259649999995,1.0000211617359382,4030.9218911505022,2525.459383821682,2.1219708
M7_single_alpha_full_response,2,0.16427729351002499,0.026987029162978897,TRUE,beta,beta[16],0.216700748510025,0.164065185,0.024119794000000003,0.5768801984999999,1.00073447473271,5067.757090763195,2647.3465375407486,0.052423455
M7_single_alpha_full_response,2,0.15516953145582374,0.024077583492219872,TRUE,beta,beta[17],0.24469559245582376,0.18972047,0.030116853649999997,0.6573266769999999,1.0006319894768347,4313.869142243691,2726.8616797287,0.089526061
M7_single_alpha_full_response,2,-0.27051228893424994,0.07317689846444712,TRUE,beta,beta[18],1.80703211106575,1.78328815,0.7209489815,2.9867118549999994,1.0009878452499912,3063.6569728036793,2094.568129390061,2.0775444
M7_single_alpha_full_response,2,0.48729973421059997,0.23746103096172136,FALSE,beta,beta[19],0.5098688162106,0.403084225,0.046640166350000005,1.3246560449999998,1.000602304216565,2906.9495983965694,1848.8347814092103,0.022569082
M7_single_alpha_full_response,2,-0.04017797531679751,0.00161426970055719,TRUE,beta,beta[20],0.4403360746832025,0.31793991,0.0431963631,1.23633886,0.9993253901061262,3711.085518066672,2790.889219306822,0.48051405
M7_single_alpha_full_response,2,-0.67954212246,0.46177749619744163,TRUE,beta,beta[21],2.73649617754,2.6995347499999998,1.71425825,3.9070387749999993,1.0010753071152325,5923.6940555044,2455.2578875087406,3.4160383
M7_single_alpha_full_response,2,0.29280859970554995,0.08573687606152498,TRUE,beta,beta[22],0.46023026970555,0.38955461999999996,0.0534171357,1.1155352299999999,1.0005259108211961,3456.4325057503365,2393.4107765635376,0.16742167
M7_single_alpha_full_response,2,1.5484764033999987,2.3977791718865955,TRUE,beta,beta[23],9.3615761034,9.27906635,6.899411465000001,12.107662999999999,1.0005255816364869,6195.8740059840075,2670.583067998757,7.8130997
M7_single_alpha_full_response,2,0.03216828377250014,0.0010347984808680957,TRUE,beta,beta[24],2.5889980837725,2.56126,1.630722345,3.7294487699999994,1.0004670532008106,4820.818287207533,3187.7869555178663,2.5568298
M7_single_alpha_full_response,2,-0.2519666972244,0.06348721651017247,TRUE,beta,beta[25],0.2649321927756,0.206876,0.031885270699999996,0.6850613754999996,1.0009036539072416,5176.806869110269,2945.0528387881154,0.51689889
M7_single_alpha_full_response,2,-2.9480734609249986,8.691137131010299,TRUE,beta,beta[26],17.117840539075,16.831197000000003,12.12821155,22.946097299999998,1.0002066973136297,5031.167354725282,3142.4157009675982,20.065914
M7_single_alpha_full_response,2,0.02183565132499954,4.767956687869541e-4,TRUE,beta,beta[27],4.054305751325,4.0038026,2.6704951850000005,5.518256189999999,1.0021377970020573,7082.750642932957,3139.632094881328,4.0324701
M7_single_alpha_full_response,2,0.6269355077179,0.393048130837501,TRUE,beta,beta[28],0.7316656477179,0.6270754,0.0878930383,1.7243134749999998,0.9998056728980772,2910.3433135713617,2275.971174128458,0.10473014
M7_single_alpha_full_response,2,-0.7255914726000001,0.5264829851098367,TRUE,beta,beta[29],2.6289276274,2.60569105,1.179496825,4.16900597,1.0024705498630393,4128.820149267225,1964.154731402958,3.3545191
M7_single_alpha_full_response,2,-0.11366552405499997,0.012919851358697776,TRUE,beta,beta[30],1.991550275945,1.9640130500000001,1.147206595,2.9535712899999997,0.9998723080595925,4962.745180894095,2502.0175281459024,2.1052158
M7_single_alpha_full_response,2,-0.5012497676182499,0.2512513295373495,TRUE,beta,beta[31],1.05706693238175,1.0184722,0.2497579385,1.9944665849999996,1.0000127628763071,3077.9855628938258,1893.5062351985093,1.5583167
M7_single_alpha_full_response,2,0.33899439208925,0.11491719786796015,TRUE,beta,beta[32],1.41279849208925,1.3124992,0.3594930805,2.7727431999999994,1.0008552003090019,2237.8913788983987,2355.422734485553,1.0738041
M7_single_alpha_full_response,2,0.21513111986699995,0.046281398735229504,TRUE,beta,beta[33],0.284684563867,0.221232935,0.03336779805,0.7611687854999994,1.0007819090087504,4533.7051106218705,2863.483615833858,0.069553444
M7_single_alpha_full_response,2,-0.5481369498542001,0.30045411579546594,TRUE,beta,beta[34],0.8053165501458,0.7592101600000001,0.122467293,1.6157010249999995,1.000938573857503,2641.5277931243827,1472.74596171625,1.3534535
M7_single_alpha_full_response,2,-91.43574042649996,8360.49462734228,TRUE,beta,beta[35],170.5093795735,113.255525,44.72778295,450.00772199999983,0.9999980302689566,3854.3640509829697,2473.924624092557,261.94512
M7_single_alpha_full_response,2,-0.5062800774256251,0.25631951679809695,FALSE,beta,beta[36],0.315322492574375,0.255325445,0.0384340285,0.7847364769999999,1.0012137191878485,3748.258200141177,2376.7953530745485,0.82160257
M7_single_alpha_full_response,2,0.028411650145925005,8.072218640144404e-4,TRUE,beta,beta[37],0.227594560145925,0.178004535,0.02654244965,0.5982528325,1.0009066772410578,4787.347306210661,2678.4127108903053,0.19918291
M7_single_alpha_full_response,2,-0.8208845779750003,0.6738514903571943,TRUE,beta,beta[38],2.221734722025,2.19917475,1.1146559850000002,3.4026889049999993,0.9999959848710717,3950.111045907272,2200.8985579724363,3.0426193
M7_single_alpha_full_response,2,-0.7404573736969999,0.5482771222622586,TRUE,beta,beta[39],1.172695826303,1.1550383499999999,0.35151690750000003,2.06989491,1.0009568647024283,2785.7942382423626,1784.0307903589169,1.9131532
M7_single_alpha_full_response,2,-0.5524911830249994,0.30524650732036346,TRUE,beta,beta[40],8.625400616975,8.558364650000001,6.3060827349999995,11.149098699999998,1.000750464578869,5599.741150422268,3045.910137844325,9.1778918
M7_single_alpha_full_response,2,-0.36510874163740004,0.13330439322004572,TRUE,beta,beta[41],0.6319605283626,0.5170912999999999,0.06389835955,1.5648893599999998,1.0004918614893608,3378.31059644727,2329.962404261792,0.99706927
M7_single_alpha_full_response,2,-1.0396099825005223e-4,1.0807889157147362e-8,TRUE,beta,beta[42],1.98072743900175,1.95764895,0.6611965785,3.3084598149999995,1.0013628655421891,2577.925473558027,1455.238896305927,1.9808314
M7_single_alpha_full_response,2,-0.97876888003475,0.9579885205244789,TRUE,beta,beta[43],1.86052601996525,1.8251727500000001,0.748157131,3.095568155,1.0041903654931956,4313.223253642035,2113.291715772838,2.8392949
M7_single_alpha_full_response,2,-0.08900800485249993,0.007922424927822651,TRUE,beta,beta[44],3.0153724951475,3.0018718499999997,1.9078372600000002,4.187084564999998,1.0022576407376267,5918.043150664557,2987.816966452197,3.1043805
M7_single_alpha_full_response,2,1.0892639916550002,1.1864960435161844,TRUE,beta,beta[45],2.826932691655,2.7592926,1.45012779,4.447864375,1.0020101917443502,3404.8038845103633,2386.0932561509803,1.7376687
M7_single_alpha_full_response,2,-0.6333939051000002,0.401187839017828,TRUE,beta,beta[46],4.0208572949,3.9797562500000003,2.5836833299999995,5.591941314999998,1.001031572006712,5772.957971063503,2639.5174049347893,4.6542512
M7_single_alpha_full_response,2,-0.342776027315775,0.11749540490238493,TRUE,beta,beta[47],0.314411202684225,0.241140955,0.0328580898,0.8553169474999999,1.0011743199356886,3887.0315260032044,2030.2698657859062,0.65718723
M7_single_alpha_full_response,2,0.28781479290706,0.08283735501613385,TRUE,beta,beta[48],0.33454805390706,0.26918021000000003,0.0363491699,0.8473009534999992,1.0014623135397382,4218.676881834584,2524.001960753775,0.046733261
M7_single_alpha_full_response,2,0.51449929801135,0.2647095276541719,FALSE,beta,beta[49],0.59226613801135,0.5424671299999999,0.0778622622,1.2596364649999998,1.0000945415557958,3160.1154541293527,1990.041615867172,0.07776684
M7_single_alpha_full_response,2,0.7579290448525,0.574456437031023,TRUE,beta,beta[50],2.6767487448525,2.6280649499999997,1.552509045,3.938134345,1.003171759487748,5724.652426087614,2736.2765273712976,1.9188197
M7_single_alpha_full_response,2,-0.18636733985725007,0.03473278536546775,TRUE,beta,beta[51],1.49537966014275,1.46811595,0.4331126395,2.68554895,0.9997899976125192,2522.877201740885,1624.0188421244416,1.681747
M7_single_alpha_full_response,2,1.6665660670249998,2.777442455759176,FALSE,beta,beta[52],5.295234767025,5.2328394,3.692595405,7.114079705,1.0009014041688222,6428.325875324454,2947.2654982137237,3.6286687
M7_single_alpha_full_response,2,1.1364164232574998,1.291442287049369,TRUE,beta,beta[53],3.1037990232575,3.0959206999999997,1.684464155,4.550685225,1.0017596481927038,3907.503271532754,1455.3235724361543,1.9673826
M7_single_alpha_full_response,2,0.203051808892675,0.041230037094587405,TRUE,beta,beta[54],0.258228831892675,0.18510025,0.025029563250000005,0.7534367465,0.9999492155222299,3804.5774574198317,2657.1633367845857,0.055177023
M7_single_alpha_full_response,2,0.4520351077125,0.20433573860465148,TRUE,beta,beta[55],2.4146242077125,2.36806085,1.0702594200000002,3.901403929999999,1.002013593837118,3004.845275456815,1587.2398280774346,1.9625891
M7_single_alpha_full_response,2,0.38608647580754996,0.14906276680149386,TRUE,beta,beta[56],0.55562192580755,0.49171269,0.07386779995000001,1.2558363249999998,1.000242367004683,4173.539787385449,2017.2411055780383,0.16953545
M7_single_alpha_full_response,2,0.22799797580659997,0.05198307697190695,TRUE,beta,beta[57],0.5326419458066,0.439523095,0.06036134275,1.3264304799999995,1.0006944153335937,4096.257862449263,2065.48417940187,0.30464397
M7_single_alpha_full_response,2,-0.06815004542499992,0.004644428691429552,TRUE,beta,beta[58],3.642338454575,3.62198125,2.364687165,4.9579323749999995,1.0034644429939468,6042.253013270456,2594.1402414600643,3.7104885
M7_single_alpha_full_response,2,0.12820683882499928,0.016436993521499344,TRUE,beta,beta[59],10.124735038825,9.975498,7.074070505,13.606464749999995,1.0003573984520386,5265.422080917348,3260.9711616741233,9.9965282
M7_single_alpha_full_response,2,2.6527736831499986,7.0372082140132095,TRUE,beta,beta[60],12.08389968315,11.810185,7.928425125,17.105358199999994,1.001297220046217,6926.562461001294,3319.4224822554693,9.431126
M7_single_alpha_full_response,2,0.6685454205500001,0.4469529793383765,TRUE,beta,beta[61],6.99752932055,6.93416665,4.9604053299999995,9.228795864999999,1.0023856047316164,5964.499999893327,3012.502811343205,6.3289839
M7_single_alpha_full_response,2,0.6230356617592749,0.38817343582381764,TRUE,beta,beta[62],0.947361491759275,0.931389265,0.26473295550000003,1.6908299299999998,1.0006049639827321,3058.6968757206305,1466.5500385229848,0.32432583
M7_single_alpha_full_response,2,2.1652454713000004,4.688287950985161,TRUE,beta,beta[63],7.9365852713,7.77129835,5.32387123,11.15373895,1.001080849737134,4924.077047284821,3386.1576820734035,5.7713398
M7_single_alpha_full_response,2,-0.37181591067950004,0.13824707143442594,TRUE,beta,beta[64],1.0346760893205,1.0232857,0.34004104099999993,1.724960015,1.0003023982758772,3375.4076851277855,1640.2492679064046,1.406492
M7_single_alpha_full_response,2,-1.7774701766149998,3.1594002287557585,FALSE,beta,beta[65],1.815413223385,1.7653976999999998,0.7536857220000001,3.06768775,1.0020963310784547,2719.8893516229627,1560.9519586761417,3.5928834
M7_single_alpha_full_response,2,-0.005715999842500041,3.2672654199460495e-5,TRUE,group_mu_rho,mu_rho[1],0.5304073501575,0.528886285,0.3889452465,0.6793763844999999,1.0052748998378485,566.7549270698064,891.2947229759876,0.53612335
M7_single_alpha_full_response,2,-0.006914596570000042,4.781164572585635e-5,TRUE,group_sigma_rho,sigma_rho[1],0.64088577343,0.6360293349999999,0.5328968514999999,0.765542421,1.001387468065934,1045.9601783986327,1778.4418274891998,0.64780037
M7_single_alpha_full_response,2,-0.034098501040999984,0.001162707773243077,TRUE,rho,rho[1],0.790664898959,0.7844632650000001,0.40618730550000004,1.187477105,1.0015774820940644,5730.266264336274,3279.227845174921,0.8247634
M7_single_alpha_full_response,2,0.11209396599507424,0.012565057212504858,TRUE,rho,rho[2],0.34682620599507424,0.345200185,0.035245446300000004,0.6647918005,1.0012986096926664,7644.595970296135,2909.7265307795747,0.23473224
M7_single_alpha_full_response,2,0.13287084780009223,0.017654662195115273,TRUE,rho,rho[3],-0.03856116219990775,-0.039918208,-0.3442938305,0.267837308,1.002366671720721,8140.356209646035,2916.9805278243216,-0.17143201
M7_single_alpha_full_response,2,-0.2094398584024999,0.04386505428765921,TRUE,rho,rho[4],2.1300812415975,2.1108495,1.523288695,2.82003668,1.0000754057125996,3698.781307743267,3162.977620701926,2.3395211
M7_single_alpha_full_response,2,0.24859593996945575,0.06179994136929725,TRUE,rho,rho[5],0.24023070486945575,0.239754615,-0.06285397964999999,0.544372223,1.001078372997543,6977.386914508979,2854.931884475472,-0.0083652351
M7_single_alpha_full_response,2,0.00707934464000004,5.0117120531897304e-5,TRUE,rho,rho[6],0.99955325464,1.00052425,0.5781772835,1.411845345,1.0001051496034044,6615.044980522373,2851.9620281213042,0.99247391
M7_single_alpha_full_response,2,-0.027285512844440002,7.444992111841003e-4,TRUE,rho,rho[7],-0.23316061284444,-0.23191178,-0.55030435,0.07865639569999999,1.0007653903486888,6174.024718792771,3078.2236143175205,-0.2058751
M7_single_alpha_full_response,2,0.11670559400574998,0.013620195672234946,TRUE,rho,rho[8],0.58014606400575,0.577969115,0.27605629150000005,0.8996567299999998,1.0037387978049779,6676.449991056126,2688.7778691608787,0.46344047
M7_single_alpha_full_response,2,-0.20516640182405,0.04209325243742754,TRUE,rho,rho[9],0.61325756817595,0.600412665,0.11559397450000002,1.1437761149999999,1.0009952081254025,3993.8097037459397,2563.935661913331,0.81842397
M7_single_alpha_full_response,2,0.20151247947978002,0.04060727938608876,TRUE,rho,rho[10],0.45354278947978,0.445223445,-0.18814348649999996,1.1197207949999992,1.000775121705866,5687.119690167471,3039.0247310280556,0.25203031
M7_single_alpha_full_response,2,-0.039950478060069,0.0015960406972280548,TRUE,rho,rho[11],-0.045040492260069,-0.0447164885,-0.3358799395,0.25201211099999987,1.0005465456424014,6439.286767750565,2947.1996515294086,-0.0050900142
M7_single_alpha_full_response,2,-0.4090385772326499,0.1673125576645105,TRUE,rho,rho[12],0.76602962276735,0.76385914,0.3441754975,1.1921382749999998,1.0006333132958265,6518.353681359974,2798.187729584143,1.1750682
M7_single_alpha_full_response,2,0.01113283947687499,1.239401148178662e-4,TRUE,rho,rho[13],0.496312009476875,0.490454885,0.139234347,0.8826615385,1.002389626337881,5598.080600601084,2866.0231363933535,0.48517917
M7_single_alpha_full_response,2,0.048953405625486245,0.002396435922333388,TRUE,rho,rho[14],-0.01822887937451375,-0.015468412,-0.32535437999999994,0.28968118249999975,1.000753581594779,7134.1034177836855,2973.6535513591148,-0.067182285
M7_single_alpha_full_response,2,-0.13079048735175003,0.017106151581708286,TRUE,rho,rho[15],0.83759526264825,0.83121578,0.4654243235,1.233652415,1.0018325322590627,6892.25185354866,3021.594358281665,0.96838575
M7_single_alpha_full_response,2,-0.051463198050155035,0.002648460753549481,TRUE,rho,rho[16],0.299198941949845,0.300185715,0.008580797060000013,0.5999581634999999,1.0012737029411378,7534.666758545413,3108.915363493459,0.35066214
M7_single_alpha_full_response,2,0.21024971795165248,0.04420494389874942,TRUE,rho,rho[17],0.2908487069516525,0.28866770500000005,-0.012816038699999997,0.5913867645,1.0005098755602841,8615.919524094106,2762.8074841168727,0.080598989
M7_single_alpha_full_response,2,0.24524210670859248,0.06014369090286866,TRUE,rho,rho[18],0.1588176537085925,0.15521272,-0.19795613499999998,0.5090932134999999,0.9999451324964465,6727.575090803416,2723.118955125403,-0.086424453
M7_single_alpha_full_response,2,-0.273190901797975,0.07463326882519082,TRUE,rho,rho[19],-0.364196658797975,-0.362944505,-0.671822668,-0.056463046,1.0006939053979913,7793.034665238751,3022.8642744610142,-0.091005757
M7_single_alpha_full_response,2,-0.11479521099189999,0.013177940466674835,TRUE,rho,rho[20],-0.3127030409919,-0.309226865,-0.828877117,0.16817842599999985,1.0003799171462646,6099.353758283308,3195.969166784705,-0.19790783
M7_single_alpha_full_response,2,-0.4634518418100002,0.21478760967708146,TRUE,rho,rho[21],1.67837165819,1.66572955,1.2270770599999998,2.186683005,1.0006574406384743,5176.902055192873,2867.5747620491725,2.1418235
M7_single_alpha_full_response,2,-0.09776188225204618,0.009557385621462943,TRUE,rho,rho[22],-0.35329356225204617,-0.35378559,-0.6547733254999999,-0.052142643850000045,1.000847905049521,8683.018634709964,3204.0439004229534,-0.25553168
M7_single_alpha_full_response,2,0.018885869604582273,3.5667607072128457e-4,TRUE,rho,rho[23],0.3050794496045823,0.30194924,-0.105525439,0.7199393545,1.001814630130853,6693.117754048174,2929.5630374498196,0.28619358
M7_single_alpha_full_response,2,0.4255727486119875,0.18111216436116193,FALSE,rho,rho[24],0.2475988386119875,0.24750273,-0.11436406549999997,0.607067276,1.000334833115423,5731.485294861999,2798.2257948011916,-0.17797391
M7_single_alpha_full_response,2,-0.16092848769004514,0.02589797815020501,TRUE,rho,rho[25],0.11404455230995487,0.110101585,-0.19191321099999997,0.4182326124999999,1.0023558288226782,8340.599479210667,2692.6137510247154,0.27497304
M7_single_alpha_full_response,2,0.12562825481636009,0.0157824584082043,TRUE,rho,rho[26],0.69067792481636,0.68574978,0.1390549935,1.2778061449999996,1.0011354714277028,5741.532904987809,3002.4450231989063,0.56504967
M7_single_alpha_full_response,2,-0.033585440596550005,0.0011279818200643891,TRUE,rho,rho[27],-0.06480386959655,-0.063596565,-0.40053776099999994,0.27104304199999996,1.002138632655638,5298.1686069543985,2570.2381612914473,-0.031218429
M7_single_alpha_full_response,2,0.06577527776896502,0.0043263871655845046,TRUE,rho,rho[28],0.229337327768965,0.2298102,-0.0753584282,0.534983532,0.9995266705573311,6125.190145006198,3140.9775565273603,0.16356205
M7_single_alpha_full_response,2,-0.44971695478749996,0.20224533942334227,TRUE,rho,rho[29],1.6485269452125,1.6487455,1.189939335,2.142460795,1.0011078898066836,4611.664960869993,2968.797422384173,2.0982439
M7_single_alpha_full_response,2,0.05866921931250002,0.0034420772947382256,TRUE,rho,rho[30],1.1644009193125,1.1608703500000002,0.7709654525,1.5676357099999998,1.001662015505571,6658.649471411022,2847.3759353663845,1.1057317
M7_single_alpha_full_response,2,0.031853648708935034,0.0010146549360722386,TRUE,rho,rho[31],0.527887078708935,0.52716323,0.212224876,0.8432000714999999,0.9999876093249644,6589.999293842675,3111.1606734328084,0.49603343
M7_single_alpha_full_response,2,-0.49461951363545575,0.2446484632689748,FALSE,rho,rho[32],0.3317536763645442,0.331330365,0.029205629750000007,0.6467054919999999,1.0004164951315586,6969.554186843036,3045.315808847399,0.82637319
M7_single_alpha_full_response,2,0.09086028930500012,0.00825559217258832,TRUE,rho,rho[33],1.146262689305,1.14330505,0.8078241349999999,1.4958906999999997,1.001686960390828,7710.887958360768,3303.7774074750723,1.0554024
M7_single_alpha_full_response,2,3.091641375000398e-4,9.558246391614352e-8,TRUE,rho,rho[34],0.8792800341375,0.876854355,0.5455709615,1.22576772,1.0009031890353832,6295.984532850446,3375.8684973082054,0.87897087
M7_single_alpha_full_response,2,0.011833732735765046,1.4003723046151728e-4,TRUE,rho,rho[35],0.745580062735765,0.74472649,-0.20940410549999997,1.7210620149999987,1.0006377051102495,6085.422244322064,2625.337218557072,0.73374633
M7_single_alpha_full_response,2,-0.2455697208982801,0.06030448782205919,TRUE,rho,rho[36],0.85626217910172,0.8514182299999999,0.513602592,1.2028274399999999,1.0008730065028792,5756.789434982109,3065.38860434699,1.1018319
M7_single_alpha_full_response,2,-0.002534078131214007,6.421551975097075e-6,TRUE,rho,rho[37],0.093324516868786,0.091742799,-0.2161440815,0.4049143929999999,1.0009621480034303,8174.28005261946,2948.3560837515956,0.095858595
M7_single_alpha_full_response,2,-0.06482497145249999,0.004202276923817439,TRUE,rho,rho[38],1.8545111285475,1.847726,1.3997084850000001,2.34396501,1.0007247302578244,5320.283823846674,3269.9832987702307,1.9193361
M7_single_alpha_full_response,2,-0.09460516011499986,0.008950136320384761,TRUE,rho,rho[39],0.984518739885,0.975521675,0.5797903550000001,1.4111348649999984,1.0005029474473641,4987.8424930951705,3053.6495880895513,1.0791239
M7_single_alpha_full_response,2,0.0275831786688025,7.608317454750812e-4,TRUE,rho,rho[40],0.1528974386688025,0.15320699,-0.254669093,0.5514077039999999,1.0027858096451179,6431.79088173892,2992.0576977629858,0.12531426
M7_single_alpha_full_response,2,0.12889805021592998,0.01661470734946841,TRUE,rho,rho[41],0.24347905021593,0.24497718000000002,-0.06176072879999999,0.541953279,1.0007175349293471,7435.546100403257,2903.948837294323,0.114581
M7_single_alpha_full_response,2,-0.0753252097578575,0.005673887225065231,TRUE,rho,rho[42],0.0121710642421425,0.00782327015,-0.2959586775,0.32540175399999993,1.0028237435982503,7163.9830450667905,2870.3942006960087,0.087496274
M7_single_alpha_full_response,2,-0.012295552974999957,1.5118062296103028e-4,TRUE,rho,rho[43],1.336171747025,1.33361485,0.9615661444999999,1.7410114099999994,1.0006383504589835,6591.434973793202,2941.9041597200403,1.3484673
M7_single_alpha_full_response,2,-0.4800065216425,0.23040626081933183,FALSE,rho,rho[44],1.3622818783575,1.3602311999999999,0.905980112,1.8377620449999998,1.0008469863661649,5394.360264610003,3279.55484490681,1.8422884
M7_single_alpha_full_response,2,-0.24693735585249987,0.06097805771542415,TRUE,rho,rho[45],1.5196127441475,1.50956625,1.090195545,1.9759707499999999,1.0004519270029768,5582.734036141319,3081.802837963262,1.7665501
M7_single_alpha_full_response,2,-0.11747096494117373,0.013799427604210468,TRUE,rho,rho[46],0.21797150505882626,0.22215553999999998,-0.16098323850000001,0.5942338784999999,1.0006560396025048,6023.307494584765,3251.6760974387794,0.33544247
M7_single_alpha_full_response,2,-0.3931194563375,0.15454290695109157,FALSE,rho,rho[47],0.9802190436625,0.975312625,0.6359805020000001,1.33503222,0.9999583062039736,6776.203957275998,2953.2211774206994,1.3733385
M7_single_alpha_full_response,2,0.12418050899832903,0.015420798815084076,TRUE,rho,rho[48],-0.166416661001671,-0.16326666499999998,-0.474506038,0.1397977359999999,1.0003156266855355,7346.624210232337,2780.813660391921,-0.29059717
M7_single_alpha_full_response,2,-0.10429490817657949,0.010877427871561148,TRUE,rho,rho[49],-0.1476584971765795,-0.14747989,-0.4499569235,0.15333571199999957,1.0004428455685765,5953.227425876444,2878.9772591478422,-0.043363589
M7_single_alpha_full_response,2,0.3646015169344805,0.13293426615092427,FALSE,rho,rho[50],-0.0308262830655195,-0.026257800499999998,-0.3620947045,0.29482475599999947,1.008523352614985,6818.8693220195155,2944.365792149029,-0.3954278
M7_single_alpha_full_response,2,0.22400612604050002,0.05017874450367238,TRUE,rho,rho[51],0.7138557860405,0.7086686,0.40178365650000003,1.0361328949999997,1.0014937579219072,7250.047520085062,2804.9283901676704,0.48984966
M7_single_alpha_full_response,2,0.21776441024243073,0.04742133836823367,TRUE,rho,rho[52],-0.02442536975756925,-0.0248332575,-0.4207067365,0.36246451899999993,1.000410235259571,6494.391768053457,3091.2583798857763,-0.24218978
M7_single_alpha_full_response,2,0.15128066572323498,0.022885839821665165,TRUE,rho,rho[53],0.310903325723235,0.307897205,-0.013935298399999999,0.6437646424999999,1.0002610258738796,7014.428293117174,2899.964399906765,0.15962266
M7_single_alpha_full_response,2,0.13935065850495,0.01941860602576319,TRUE,rho,rho[54],0.59535642850495,0.5910380550000001,0.300602244,0.8949322774999999,1.0013527778662126,7042.7954462709295,2558.6868156349387,0.45600577
M7_single_alpha_full_response,2,-0.08397066015499988,0.007051071766866484,TRUE,rho,rho[55],1.875453939845,1.86970945,1.42595348,2.36689532,1.0013227002825853,6108.123744492915,3328.220985584274,1.9594246
M7_single_alpha_full_response,2,0.0018585261497460204,3.454119449289767e-6,TRUE,rho,rho[56],0.09001298314974603,0.0926179605,-0.25366128499999996,0.432473309,1.0012704782975037,7537.574346776197,3140.3075951102646,0.088154457
M7_single_alpha_full_response,2,-0.07933934652206676,0.006294731906548587,TRUE,rho,rho[57],-0.26359774652206674,-0.263874425,-0.58529412,0.047655912399999834,1.0006013834148548,6863.680474850364,3057.0107243062926,-0.1842584
M7_single_alpha_full_response,2,0.14899747457378976,0.022200247429367125,TRUE,rho,rho[58],0.25117851457378976,0.25186122499999997,-0.1057310415,0.6144031765000001,1.0029975318704734,6607.5416398320285,2856.491466095782,0.10218104
M7_single_alpha_full_response,2,0.01565372198675008,2.4503901203846285e-4,TRUE,rho,rho[59],0.96496345198675,0.9588679,0.493548835,1.4562193399999999,0.9998717033803373,5530.300298369334,3301.3078519552764,0.94930973
M7_single_alpha_full_response,2,0.31703449933966493,0.100510873771552,TRUE,rho,rho[60],0.3914141563396649,0.38511799999999996,-0.09771805069999999,0.8967680589999999,0.9994938961197903,6610.919395173863,3162.08196221153,0.074379657
M7_single_alpha_full_response,2,0.24405325275085354,0.059561990178272003,TRUE,rho,rho[61],0.12026772275085355,0.12253050500000001,-0.33838089750000006,0.564931423,1.0014815036725704,6618.170778487643,2800.7225162162576,-0.12378553
M7_single_alpha_full_response,2,-0.054230236338224935,0.0029409185332997323,TRUE,rho,rho[62],0.467794143661775,0.46406716000000003,0.1633984935,0.7774659464999998,0.9999591342097452,7752.885419329369,2627.568246756183,0.52202438
M7_single_alpha_full_response,2,-0.6883030636585924,0.4737611074418043,FALSE,rho,rho[63],0.5208830363414075,0.512156945,-0.0673505666,1.14461661,1.0012116413406433,4929.193994182058,3056.642986363886,1.2091861
M7_single_alpha_full_response,2,-0.16308209884495,0.026595770963674045,TRUE,rho,rho[64],0.48867187115505,0.48748397499999996,0.1553345615,0.8294286634999999,1.0013623657721529,7038.04874697317,2299.979050265989,0.65175397
M7_single_alpha_full_response,2,-0.14699256122000004,0.02160681305401546,TRUE,rho,rho[65],1.05387073878,1.0551914500000001,0.7063635620000001,1.420682295,1.0009549717061381,7699.000321106501,3247.4917116707134,1.2008633
M7_single_alpha_full_response,2,0.21589141391164252,0.04660910260076815,FALSE,group_mu_side,mu_side[1],-0.2420561660883575,-0.240389145,-0.3945380835,-0.08901354985000003,1.0006907981528925,540.0341123793949,958.9268795013907,-0.45794758
M7_single_alpha_full_response,2,-0.015087989232499988,2.2764741908003558e-4,TRUE,group_sigma_side,sigma_side[1],0.6899891507675,0.6845144350000001,0.575761388,0.8209050029999998,1.0058212528251695,922.7857394761812,1831.9820679967545,0.70507714
M7_single_alpha_full_response,2,0.03748221174249999,0.0014049161971096044,TRUE,side_bias,side_bias[1],-1.4112847882575,-1.40820435,-1.81095143,-1.0316802900000002,0.9998825746777069,5484.481518214577,3543.1767235404727,-1.448767
M7_single_alpha_full_response,2,0.17568371916250003,0.03086476917876818,TRUE,side_bias,side_bias[2],-0.7810598308375,-0.77821187,-1.1021683,-0.46487309050000014,1.0007072780222708,6643.535450338286,3026.1229558798286,-0.95674355
M7_single_alpha_full_response,2,-0.1171296119270125,0.013719345990172549,TRUE,side_bias,side_bias[3],0.0078547480729875,0.008168338399999999,-0.28920602700000003,0.30362496949999973,1.0015031549953237,6996.990397621391,3255.093507894957,0.12498436
M7_single_alpha_full_response,2,0.08616060136424747,0.007423649227448763,TRUE,side_bias,side_bias[4],0.4846362413642475,0.484590375,0.016690072000000007,0.9605829165,0.9995180480039856,6627.704612051157,3270.864600613818,0.39847564
M7_single_alpha_full_response,2,0.06332944915403825,0.004010619130153916,TRUE,side_bias,side_bias[5],0.02388660315403825,0.0249991465,-0.293639785,0.32963930049999995,1.0020159104775472,6588.0351978732915,3008.424379974889,-0.039442846
M7_single_alpha_full_response,2,-0.32968220000177373,0.10869035299800954,TRUE,side_bias,side_bias[6],-0.20873891000177375,-0.211017085,-0.6141887155,0.19054007599999997,1.0014296137394767,7201.679000267122,2463.6272833058842,0.12094329
M7_single_alpha_full_response,2,-0.2732020573924,0.07463936416344022,TRUE,side_bias,side_bias[7],-0.4918726173924,-0.4925322,-0.801137829,-0.19020075000000014,1.0017928626122419,7257.9506153567845,2595.7467609218643,-0.21867056000000001
M7_single_alpha_full_response,2,0.3541155618744313,0.12539783116164416,FALSE,side_bias,side_bias[8],0.02022217187443125,0.0174429615,-0.2862325255,0.3252556799999999,1.0008154220743046,7175.360014130422,2836.9112025520794,-0.33389339
M7_single_alpha_full_response,2,0.5610381419249997,0.3147637966946561,TRUE,side_bias,side_bias[9],-2.609547458075,-2.5975362000000004,-3.203516425,-2.06500887,1.0005089411211494,4042.259952249082,2796.162179586645,-3.1705856
M7_single_alpha_full_response,2,-0.20309843048660253,0.041248972466121324,TRUE,side_bias,side_bias[10],-0.2924179444866025,-0.289034695,-0.956355836,0.36292786449999986,1.0004716137832876,6015.465498511203,2811.8217054186057,-0.089319514
M7_single_alpha_full_response,2,0.39211067422871504,0.1537507808440975,FALSE,side_bias,side_bias[11],0.242466324228715,0.241879095,-0.057608894349999995,0.5493246649999999,1.0008758076461728,7257.246198517456,3053.535815058741,-0.14964435
M7_single_alpha_full_response,2,0.13614390152564498,0.01853516192262452,TRUE,side_bias,side_bias[12],-0.224361698474355,-0.22154539,-0.6712332485,0.2089385799999997,1.0023618353154318,6344.794033348463,3135.305180777829,-0.3605056
M7_single_alpha_full_response,2,-0.4324674208825001,0.1870280701247615,FALSE,side_bias,side_bias[13],1.3280369791175,1.3265049000000002,0.9764045185,1.6991713249999998,1.000684810349525,5836.435980592657,3247.2745586540195,1.7605044
M7_single_alpha_full_response,2,-0.35134234366764994,0.12344144245387703,FALSE,side_bias,side_bias[14],-0.61383928366765,-0.6131444500000001,-0.9127041515,-0.31280693550000005,0.9997946281615667,7824.145960338931,2844.474175024888,-0.26249694
M7_single_alpha_full_response,2,-0.07750479064799998,0.006006992573390305,TRUE,side_bias,side_bias[15],-0.849188180648,-0.8444560299999999,-1.2203917549999999,-0.48167477650000007,1.0000168734496448,5838.056698873728,2813.2747195778784,-0.77168339
M7_single_alpha_full_response,2,0.07305120797565626,0.005336478986702585,TRUE,side_bias,side_bias[16],-0.08407712202434375,-0.0849355015,-0.3681268645,0.19567097949999968,1.000623582594404,6868.2093290677285,2892.4596264469124,-0.15712833
M7_single_alpha_full_response,2,-0.3678949267149075,0.13534667710256715,FALSE,side_bias,side_bias[17],-0.3704206768149075,-0.369458625,-0.6693044794999999,-0.0780543118000001,1.0013728562511182,8503.026766792025,3069.0851974097764,-0.0025257501
M7_single_alpha_full_response,2,-0.16593018407250004,0.027532825986333748,TRUE,side_bias,side_bias[18],-1.0113847140725,-1.00469095,-1.36653721,-0.6718720865000001,1.0021303874691936,5666.348615127407,2896.345053379203,-0.84545453
M7_single_alpha_full_response,2,-0.1454211340077275,0.021147306216093436,TRUE,side_bias,side_bias[19],0.1006409559922725,0.100553505,-0.2010559265,0.39343654349999957,1.0008408241667617,7764.905164198765,2867.1152055284947,0.24606209
M7_single_alpha_full_response,2,0.6600944265250002,0.4357246519293688,FALSE,side_bias,side_bias[20],-2.360844873475,-2.3538736499999997,-2.88212867,-1.875162055,0.9999046190870916,5407.0714502983255,3150.5088416284493,-3.0209393
M7_single_alpha_full_response,2,0.08081679955396201,0.006531355090145274,TRUE,side_bias,side_bias[21],0.095245886553962,0.094212798,-0.3211867465,0.5200179384999992,1.0020131405142645,6915.707634737755,2324.1364241430983,0.014429087
M7_single_alpha_full_response,2,-0.20231094105242425,0.040929716869517484,TRUE,side_bias,side_bias[22],0.18514752894757575,0.18395061499999998,-0.11071424499999999,0.4824618134999999,1.001973567519323,7837.58590679503,2631.826927059475,0.38745847
M7_single_alpha_full_response,2,-0.36889691418186255,0.13608493329290047,TRUE,side_bias,side_bias[23],-0.1833665041818625,-0.18192001000000002,-0.6169174449999999,0.24501587199999966,1.001312581465665,6346.21586746733,3194.2354478648003,0.18553041
M7_single_alpha_full_response,2,0.24234730289222506,0.05873221521913587,TRUE,side_bias,side_bias[24],0.602486922892225,0.603622035,0.2479130865,0.966764082,1.002034979732269,7730.363178748927,3150.380849756213,0.36013962
M7_single_alpha_full_response,2,-0.10886350730271502,0.011851263222248287,TRUE,side_bias,side_bias[25],-0.324228097302715,-0.323975185,-0.6312836465,-0.01828810325000009,1.0002087727541602,7979.216520580283,3042.68594291448,-0.21536459
M7_single_alpha_full_response,2,-0.7702490089062151,0.5932835357210066,FALSE,side_bias,side_bias[26],-0.441179278906215,-0.433486425,-1.025470995,0.10689826399999994,1.0000123372144105,6022.4562717913705,2952.058459904996,0.32906973
M7_single_alpha_full_response,2,0.42684027866500246,0.18219262349081694,FALSE,side_bias,side_bias[27],-0.0794838713349975,-0.079184527,-0.41614426949999994,0.24307483899999963,1.0004337477362435,5729.967375020748,2865.841207107609,-0.50632415
M7_single_alpha_full_response,2,-0.19323880586887499,0.03734123609362875,TRUE,side_bias,side_bias[28],0.653589944131125,0.6522292599999999,0.3520580135,0.9619172379999997,1.001862867516815,7672.99505691599,2873.9881798634133,0.84682875
M7_single_alpha_full_response,2,0.3245289979796675,0.10531907052968703,TRUE,side_bias,side_bias[29],-0.6537547320203325,-0.6458317,-1.1086392250000001,-0.21301295200000003,1.000583921708487,5577.582274320503,3107.340885878427,-0.97828373
M7_single_alpha_full_response,2,0.11710445738769024,0.013713453940065358,TRUE,side_bias,side_bias[30],0.16897587138769024,0.16798546,-0.19672899349999998,0.5415284449999999,1.0009702356624839,7237.72023072216,2990.8946863648434,0.051871414
M7_single_alpha_full_response,2,-0.017493307481493747,3.0601580664208513e-4,TRUE,side_bias,side_bias[31],0.06368575951850625,0.06264803199999999,-0.250663335,0.3847648214999998,0.9997065589002417,6514.031703945411,2945.8715293342407,0.081179067
M7_single_alpha_full_response,2,-0.06785636408386,0.004604486146681366,TRUE,side_bias,side_bias[32],-0.24385861408386,-0.23985688,-0.5530714095,0.06119102999999974,1.0001170087832365,5664.784127265365,2747.76586879355,-0.17600225
M7_single_alpha_full_response,2,-0.08395450407472749,0.007048358754433434,TRUE,side_bias,side_bias[33],-0.3705949640747275,-0.37079630500000005,-0.7136315219999999,-0.03438109470000073,1.0018714472408898,6481.158058608708,3248.393326456031,-0.28664046
M7_single_alpha_full_response,2,-0.172081310802075,0.029611977527360337,TRUE,side_bias,side_bias[34],0.433344199197925,0.43096414,0.10166487300000002,0.7854812964999996,1.002027905904776,6908.791087351208,2836.0526558378447,0.60542551
M7_single_alpha_full_response,2,-0.2948963251926075,0.08696384261210412,TRUE,side_bias,side_bias[35],-0.0930607951926075,-0.0878225,-1.0857631200000002,0.9155055554999999,1.0048347565062488,5453.229551450727,2562.4293822400023,0.20183553
M7_single_alpha_full_response,2,0.4463836909307499,0.19925839952895927,FALSE,side_bias,side_bias[36],-0.77829390906925,-0.76929038,-1.1245306600000002,-0.44717951400000033,1.0003065823357684,5814.209334974094,2896.8243227771945,-1.2246776
M7_single_alpha_full_response,2,0.45821987096749994,0.2099654501494723,FALSE,side_bias,side_bias[37],-0.7513523290325,-0.74831165,-1.0711603699999999,-0.42963542350000006,1.0007682632079198,8514.935810149342,2970.5296044374254,-1.2095722
M7_single_alpha_full_response,2,0.15929983165244277,0.02537643636449661,TRUE,side_bias,side_bias[38],0.24950682065244276,0.24576235000000002,-0.15241250699999997,0.6628385819999999,1.0030693461940259,6060.949610972738,3221.7270454352506,0.090206989
M7_single_alpha_full_response,2,0.4206752603499999,0.1769676746705402,TRUE,side_bias,side_bias[39],-1.37944053965,-1.37055295,-1.825294395,-0.9684532045000003,1.0001840020789063,4813.766091463209,3324.4140572634574,-1.8001158
M7_single_alpha_full_response,2,-0.215373563349107,0.04638577178969181,TRUE,side_bias,side_bias[40],-0.155583467349107,-0.158667795,-0.5888754730000001,0.28008074650000003,1.0034504153116233,6241.443563192283,2929.631724265513,0.059790096
M7_single_alpha_full_response,2,-0.052597798547739744,0.002766528412068613,TRUE,side_bias,side_bias[41],-0.18172429854773975,-0.17841581499999998,-0.5004775935,0.1211502594999998,1.004239969523479,6362.669084680966,2496.2190629050547,-0.1291265
M7_single_alpha_full_response,2,-0.0966266564066575,0.009336710728330247,TRUE,side_bias,side_bias[42],0.0584393535933425,0.058276565,-0.23583599,0.35359627499999996,0.9996284110050363,5883.590621443588,2553.613643894589,0.15506601
M7_single_alpha_full_response,2,-0.12181845203400499,0.014839735255961174,TRUE,side_bias,side_bias[43],0.305235007965995,0.30457909,-0.058240983499999975,0.6755489429999999,1.0003561031119053,7191.0729826561055,3253.0135810660763,0.42705346
M7_single_alpha_full_response,2,-0.11595050930069198,0.013444520607089857,TRUE,side_bias,side_bias[44],-0.307704409300692,-0.307478775,-0.728751295,0.10648557349999996,1.005005937857575,6255.916362561192,3027.69522327982,-0.1917539
M7_single_alpha_full_response,2,-0.08804067854194997,0.00775116107812697,TRUE,side_bias,side_bias[45],0.21867017145805,0.214821565,-0.1795596135,0.6278745504999999,1.0007663161139841,6242.0051786364,3170.7129331858,0.30671085
M7_single_alpha_full_response,2,0.1329647385480725,0.01767962169715728,TRUE,side_bias,side_bias[46],-0.3408918514519275,-0.338599,-0.7204031025000001,0.04017268124999975,1.001240384377915,6904.887497929887,3149.5841698034287,-0.47385659
M7_single_alpha_full_response,2,-0.03168474060382509,0.0010039227871316823,TRUE,side_bias,side_bias[47],-0.714752950603825,-0.71401212,-1.0502956350000001,-0.3849126490000001,1.000592757529285,7045.696206403479,3106.952977725379,-0.68306821
M7_single_alpha_full_response,2,0.1558912568009072,0.024302083946966396,TRUE,side_bias,side_bias[48],-0.36585603319909277,-0.365995405,-0.653213909,-0.08004261005000021,1.001424709705542,7543.252246579651,2924.35444425397,-0.52174729
M7_single_alpha_full_response,2,-0.2746441693933475,0.07542941978176176,TRUE,side_bias,side_bias[49],0.2621063906066525,0.25955542,-0.0477056036,0.5722559244999998,1.002401070535718,7772.01172569849,2812.5462839712236,0.53675056
M7_single_alpha_full_response,2,0.15544583053430022,0.024163406230498383,TRUE,side_bias,side_bias[50],-0.33813033946569976,-0.33738296,-0.6708620169999999,-0.004395042420000012,1.0015155919416123,7574.866312465155,3069.742930886232,-0.49357617
M7_single_alpha_full_response,2,-0.09741410103194251,0.009489507079861502,TRUE,side_bias,side_bias[51],0.2368023289680575,0.232861385,-0.0664983599,0.5503519889999998,1.0009816622256555,6805.95053048502,3032.846173110252,0.33421643
M7_single_alpha_full_response,2,-0.2113437588414625,0.04466618440123826,TRUE,side_bias,side_bias[52],-0.2013667744414625,-0.19589124,-0.5927921925,0.17412162349999977,1.0034195412177245,6716.178331307967,2850.988370355353,0.0099769844
M7_single_alpha_full_response,2,0.259142755175475,0.06715496755993619,TRUE,side_bias,side_bias[53],0.449383155175475,0.44545223,0.12110181950000004,0.7861204214999997,0.9998231849312009,6294.469020833172,2810.137274789426,0.1902404
M7_single_alpha_full_response,2,0.2976432277533025,0.0885914910274043,TRUE,side_bias,side_bias[54],0.3285918207533025,0.32719632,0.002290995035000002,0.6590403129999997,1.0003619297645188,7210.438037863515,2382.184927310568,0.030948593
M7_single_alpha_full_response,2,0.04624154955990527,0.002138280905701175,TRUE,side_bias,side_bias[55],-0.08987941044009475,-0.090072523,-0.5286033325,0.35126910149999974,1.0001356965851944,6555.626340887837,3394.1485307958883,-0.13612096
M7_single_alpha_full_response,2,0.29020664459,0.08421989656418657,TRUE,side_bias,side_bias[56],-1.21725215541,-1.2082959500000001,-1.569443735,-0.8761229720000001,0.9999107167586513,8069.483377406706,3241.810614657643,-1.5074588
M7_single_alpha_full_response,2,0.06505644393334997,0.004232340897253108,TRUE,side_bias,side_bias[57],-0.55595132606665,-0.553525305,-0.879324765,-0.23787645600000004,1.000253789950252,6747.767679474037,3035.66687835529,-0.62100777
M7_single_alpha_full_response,2,0.3749693770486675,0.14060203372426577,FALSE,side_bias,side_bias[58],-3.1420295133250027e-4,-1.8095611000000001e-4,-0.3568154645,0.3556297074999998,1.0022234474670197,5739.073949740306,2738.3324016574575,-0.37528358
M7_single_alpha_full_response,2,-0.3023841559890925,0.09143617779323583,TRUE,side_bias,side_bias[59],-0.4530840059890925,-0.44972424499999997,-0.9051917675,-0.0016906213125002934,1.0000942406892444,6165.263281997711,2336.969140677937,-0.15069985
M7_single_alpha_full_response,2,-0.356157379004645,0.12684807861945835,TRUE,side_bias,side_bias[60],-0.052785439004645,-0.0547092955,-0.568390388,0.4618881505,1.0011426360347626,6044.335288653752,2985.045030948293,0.30337194
M7_single_alpha_full_response,2,-0.014819877539249987,2.1962877027836624e-4,TRUE,side_bias,side_bias[61],-0.21064654753925,-0.210282545,-0.6354711630000001,0.20606495449999987,0.9999361318086456,6846.9209424189075,2781.631339236372,-0.19582667
M7_single_alpha_full_response,2,-0.11180816874599425,0.012501066598332725,TRUE,side_bias,side_bias[62],-0.06153351874599425,-0.0603094905,-0.35760855999999996,0.24069019049999987,1.0008402365657332,6168.247196713149,2996.5172223944737,0.05027465
M7_single_alpha_full_response,2,0.17068456615769476,0.02913322112444048,TRUE,side_bias,side_bias[63],-0.24743086384230525,-0.2465821,-0.7822102725,0.29259489949999967,1.0016690809279427,6995.193087061727,2931.6683659649493,-0.41811543
M7_single_alpha_full_response,2,0.618309573328325,0.38230672846945535,FALSE,side_bias,side_bias[64],0.636178301328325,0.63649744,0.30774206600000004,0.968379927,1.0012917208055714,6797.964005911194,2615.1783036826205,0.017868728
M7_single_alpha_full_response,2,-0.23151798950949998,0.05360057946652094,TRUE,side_bias,side_bias[65],-0.6978299095095,-0.6951072899999999,-1.0674593000000001,-0.35058895500000026,1.0009209528831555,6059.379949722333,2626.79588441945,-0.46631192
