model,subject_index,participant_id,alpha_stable,alpha_volatile,delta_log_alpha,beta,rho,side_bias,alpha_general,avoidance,anxiety,insecurity,reappraisal,suppression,maternal_care,maternal_overprotection,paternal_care,paternal_overprotection
M3_block_alpha_stickiness,1,13531305,0.526281759283464,0.23432043369568975,-1.24222530715368,1.0706081902344,0.3477920626993275,NA,NA,4.25,3.444444444,3.823529412,5.333333333,5.5,28,20,33,3
M3_block_alpha_stickiness,2,13531717,0.21888716046959175,0.22408176569084362,-0.114249995564685,0.412416474672585,0.058445097553114,NA,NA,2.875,2.888888889,2.882352941,5.833333333,6.25,30,14,17,9
M3_block_alpha_stickiness,3,13533233,0.01571336002211443,0.03684290282885117,1.16448709044666,3.4269479451425,-0.053050826730045,NA,NA,4.25,4.777777778,4.529411765,3.333333333,5.75,32,4,26,0
M3_block_alpha_stickiness,4,13535036,0.74984161592345,0.656463397215,-0.13279315951659226,3.9644629815,1.7230131096375,NA,NA,4.875,6.333333333,5.647058824,1.833333333,3,26,5,21,7
M3_block_alpha_stickiness,5,13535312,0.2494976333476425,0.3236952856236947,1.0296729916376,0.710801878997725,0.03158466124921425,NA,NA,3.25,3.333333333,3.294117647,5.166666667,5,34,7,15,1
M3_block_alpha_stickiness,6,13536005,0.619934387358325,0.8798083562235,0.46396826701460625,2.28096131451,1.24539635135,NA,NA,2.5,2.888888889,2.705882353,4.166666667,4.5,36,7,21,19
M3_block_alpha_stickiness,7,13536034,0.2935882268161205,0.37860523311977795,0.566978970699047,0.166866894530705,-0.010458709318930275,NA,NA,4.75,4.222222222,4.470588235,2.666666667,1.5,32,9,1,24
M3_block_alpha_stickiness,8,13536157,0.3155427003808345,0.3190537485609502,0.14929501706627502,0.21298281522184,0.1090340128945975,NA,NA,4.5,5.888888889,5.235294118,4,5.25,25,12,16,11
M3_block_alpha_stickiness,9,13536182,0.3388348618428025,0.30981853292808936,0.013678117026732505,0.2717932942396825,-0.014405931598481251,NA,NA,6.25,6.333333333,6.294117647,1,5.5,6,25,5,35
M3_block_alpha_stickiness,10,13536213,0.002373038677879575,0.01209097047598705,1.6708909570391826,42.343317329,0.5727053104405175,NA,NA,1.875,2.444444444,2.176470588,5.333333333,3,36,9,9,19
M3_block_alpha_stickiness,11,13536326,0.2586580105072308,0.2830258616057622,0.684144209833932,0.8946115861892125,0.04819247139906002,NA,NA,5.875,5,5.411764706,4.666666667,6.75,15,23,20,20
M3_block_alpha_stickiness,12,13536402,0.21288113723225,0.150149002449,-0.299857856369405,6.6584345045,1.442895489535,NA,NA,5.75,3.666666667,4.647058824,5,4,14,18,17,15
M3_block_alpha_stickiness,13,13536814,0.26048239038111654,0.3047653713799917,0.23076348911675001,0.2803418696566475,0.10620790394520965,NA,NA,4.125,3.888888889,4,4,4.5,25,20,20,16
M3_block_alpha_stickiness,14,13537400,0.29341404127237214,0.3754238184926488,0.61311257759899,0.194031369182265,-0.03414558782207575,NA,NA,3.5,2.777777778,3.117647059,3.666666667,2.25,33,19,16,7
M3_block_alpha_stickiness,15,13537557,0.2622422096287,0.6725757806175,1.27594219447038,2.336614494953375,1.14481519398,NA,NA,2.25,2.333333333,2.294117647,5.5,3,36,4,36,4
M3_block_alpha_stickiness,16,13537616,0.311031971656176,0.37258731938497325,0.390571110995035,0.10668359181583,0.14797777280630892,NA,NA,2.625,3.444444444,3.058823529,4,3.75,26,14,24,14
M3_block_alpha_stickiness,17,13540235,0.3140872317875624,0.3835247042865434,0.566516412949735,0.296193554692325,0.11677515691444774,NA,NA,3.625,3.888888889,3.764705882,4.833333333,4.25,20,17,19,18
M3_block_alpha_stickiness,18,13540898,0.21104030348133876,0.47466666767433374,2.28937331774969,1.101647797200115,0.1313713491838435,NA,NA,5,3,3.941176471,5,3.75,36,11,7,11
M3_block_alpha_stickiness,19,13541825,0.3009170983299071,0.3770209073883197,0.510572204198255,0.08728657965083,-0.0491947834168815,NA,NA,4.5,3.333333333,3.882352941,5,2.5,32,9,25,7
M3_block_alpha_stickiness,20,13542049,0.31526770578764074,0.34859657170066377,0.278172143278605,0.23412506379142,-0.077002384995564,NA,NA,2.75,5.666666667,4.294117647,5.666666667,5.75,12,9,12,7
M3_block_alpha_stickiness,21,13542332,0.355240205437235,0.7073221063313675,1.0154447504727495,2.3612720095825,1.836630575835,NA,NA,3.5,2.333333333,2.882352941,5.333333333,1.5,35,5,29,2
M3_block_alpha_stickiness,22,13543315,0.3221848275517154,0.3998669687953315,0.34541807012944997,0.3410401859472575,-0.032363831105815,NA,NA,2.625,3.888888889,3.294117647,4.666666667,4.75,14,20,16,20
M3_block_alpha_stickiness,23,13544904,0.002068791704617125,0.0256002009447799,2.6617581837688,11.7065642621,0.517823991772105,NA,NA,4.125,2.777777778,3.411764706,1.666666667,5.75,25,22,15,17
M3_block_alpha_stickiness,24,13545757,0.408170681483575,0.8219809499625,1.04104384441126,2.8562206387025,0.010692143003713,NA,NA,4.125,2.777777778,3.411764706,5.333333333,2,32,0,32,0
M3_block_alpha_stickiness,25,13546009,0.5595650022010265,0.5001367236600865,-0.16404900474509249,0.955387479045475,0.4290128731869675,NA,NA,3.625,2.777777778,3.176470588,5,2.75,10,8,0,0
M3_block_alpha_stickiness,26,13547563,0.005168809750338025,0.017669215150956,1.1675705236457,16.437261489525,0.4359154567205434,NA,NA,3.625,2.777777778,3.176470588,5.166666667,2.75,22,7,11,13
M3_block_alpha_stickiness,27,13548221,0.013072179925065002,0.0542908796992975,2.436326426056125,4.54882587945,-0.07126083139849075,NA,NA,3.125,4.111111111,3.647058824,4.5,5.25,19,20,14,19
M3_block_alpha_stickiness,28,13548840,0.365295078819563,0.328461326019747,-0.155117218381105,0.447977204176725,0.1560981014670878,NA,NA,3.5,4.111111111,3.823529412,6,3,2,7,35,2
M3_block_alpha_stickiness,29,13549051,0.395895756853907,0.4281780523401735,-0.26922797569933,1.5526025158232,1.9393368893,NA,NA,5.5,4.666666667,5.058823529,5,6,23,14,23,9
M3_block_alpha_stickiness,30,13549479,0.690688785305805,0.7576039738962,0.1958740817843625,1.5229727669025,0.922416984995,NA,NA,3.625,5.222222222,4.470588235,6.833333333,5,15,14,6,14
M3_block_alpha_stickiness,31,13549649,0.5361033222409525,0.59891244844109,0.23005136667012974,1.38555532587675,0.61691732387725,NA,NA,2.25,3.111111111,2.705882353,4.833333333,2.25,24,21,12,26
M3_block_alpha_stickiness,32,13551194,0.343988990532425,0.8434883956514,1.1512976767820562,1.6866846707367,0.4211139429920475,NA,NA,3.75,3.222222222,3.470588235,6.833333333,6.25,14,6,28,3
M3_block_alpha_stickiness,33,13551454,0.44526493731405514,0.18852083275695483,-1.86102793511672,0.5087203681033575,1.08919424374,NA,NA,4,3.111111111,3.529411765,5.166666667,5.25,26,13,30,9
M3_block_alpha_stickiness,34,13552853,0.18864816838357792,0.64003426338465,3.725749026198035,2.1751159378425,0.637260919740825,NA,NA,4,2.888888889,3.411764706,5,4.25,25,29,17,30
M3_block_alpha_stickiness,35,13555618,0.0011316088907849875,0.003266932443926885,1.0603578213629175,201.7833717615,0.8103475361021075,NA,NA,5.25,3.777777778,4.470588235,4.833333333,4.5,27,17,17,16
M3_block_alpha_stickiness,36,13557505,0.37203486685015724,0.47681206524333425,0.43196612365476,0.3881027266613125,0.9938494859675,NA,NA,3.125,6.555555556,4.941176471,3.666666667,1.75,18,31,20,17
M3_block_alpha_stickiness,37,13561397,0.2209897884224338,0.325530041227622,0.89046857705461,0.1973443111450425,-0.036829965309915,NA,NA,2.125,3.333333333,2.764705882,4.5,3,19,13,21,7
M3_block_alpha_stickiness,38,13564237,0.46274398460747374,0.4097159730102825,0.0307808796944715,3.19704661352325,2.2345626666,NA,NA,5.125,3.555555556,4.294117647,4.166666667,5.75,29,17,29,15
M3_block_alpha_stickiness,39,13566178,0.4566696190290075,0.21609755026027247,-1.48222217880687,0.889579321628875,0.28995121438382,NA,NA,4.75,4.111111111,4.411764706,3.333333333,3.5,22,16,18,20
M3_block_alpha_stickiness,40,13574435,0.001596025234338165,0.015177114545903505,2.22323096032501,8.67795159535,-0.065036234445045,NA,NA,4.5,5.888888889,5.235294118,6.666666667,5.25,30,9,33,3
M3_block_alpha_stickiness,41,13574754,0.197165188212196,0.511730211954704,1.59596130040534,0.6160644136285625,0.30648603672469,NA,NA,2.375,2.666666667,2.529411765,3.666666667,1,21,25,34,12
M3_block_alpha_stickiness,42,13575611,0.11066335007417807,0.16917829740376278,1.386729504385375,1.679713225131,0.08126046232060243,NA,NA,4.125,4.444444444,4.294117647,2.833333333,2,14,15,17,22
M3_block_alpha_stickiness,43,13575855,0.241052615876225,0.7486259647825,1.3339232640420404,3.779445688955,1.5635005594575,NA,NA,2.25,5.444444444,3.941176471,4.5,1.75,26,18,7,28
M3_block_alpha_stickiness,44,13576062,0.54003838584935,0.829437587136275,0.6186250315292939,2.5719945214525,1.60252368685,NA,NA,3.375,5.333333333,4.411764706,2.666666667,1,30,4,36,9
M3_block_alpha_stickiness,45,13576659,0.4162462363881,0.5449720167026585,0.5126322183262225,1.9036665542705,2.03475368255,NA,NA,3.875,4.666666667,4.294117647,3.333333333,3.75,34,3,26,9
M3_block_alpha_stickiness,46,13577320,0.25610946033025,0.61542585335175,1.0226644949464776,3.68508825145,0.40982635812409,NA,NA,3.625,5.444444444,4.588235294,5.5,1.75,18,15,13,15
M3_block_alpha_stickiness,47,13577820,0.30443593915954376,0.10765826859616212,-2.0477698467301,1.091173502338835,1.09919574792,NA,NA,4.25,2.888888889,3.529411765,5.666666667,4.25,20,1,9,8
M3_block_alpha_stickiness,48,13577827,0.3069016114493966,0.3684964240872815,0.4174220922998975,0.06534517279312,-0.0102011826671175,NA,NA,2.875,2.888888889,2.882352941,6.5,5,36,6,34,3
M3_block_alpha_stickiness,49,13583027,0.2661574760963593,0.33169160340657977,0.47059284097352,0.11457245482619025,-0.16979682481912126,NA,NA,2.875,3.555555556,3.235294118,5.333333333,4.25,25,14,24,12
M3_block_alpha_stickiness,50,13584631,0.24049626609940314,0.5598806425327528,1.2242059779743033,2.1815092022425002,-0.1516425724430025,NA,NA,4.75,2.777777778,3.705882353,5.166666667,5,21,25,23,21
M3_block_alpha_stickiness,51,13584969,0.21623366830875,0.02740623259737975,-2.4869279545674,3.02405577091,0.24099548723180675,NA,NA,4.625,4.666666667,4.647058824,3.833333333,3.75,33,4,14,17
M3_block_alpha_stickiness,52,13585333,0.208519301406125,0.09761717993933318,-1.73181364002545,6.265482747275,-0.0570811205368525,NA,NA,1.75,3.888888889,2.882352941,5.833333333,2.25,36,8,36,5
M3_block_alpha_stickiness,53,13586484,0.22582945858070028,0.35386121468759474,0.67500826896195,0.3672678962244775,0.131695167325997,NA,NA,3,2.777777778,2.882352941,5.333333333,4,26,20,23,17
M3_block_alpha_stickiness,54,13588120,0.24887579526271097,0.32191057421269226,0.5534689968100975,0.136035069776055,0.210622086341454,NA,NA,3.875,2.222222222,3,3.333333333,3.75,33,7,32,7
M3_block_alpha_stickiness,55,13588921,0.40859698234217173,0.5475868479293925,0.3664398810115925,1.927640969679325,1.6258128893125,NA,NA,4.5,2.888888889,3.647058824,3,4.75,29,23,12,25
M3_block_alpha_stickiness,56,13589585,0.2744021618269441,0.311465314284715,0.17467134182316,0.2283828466966225,0.33737549388004223,NA,NA,5.125,3.222222222,4.117647059,5.333333333,4.5,35,4,33,8
M3_block_alpha_stickiness,57,13590898,0.3004838529319476,0.3149328224300897,0.167311721657775,0.09263660495596,-0.0760779056670625,NA,NA,5.125,4.888888889,5,5.166666667,6.25,17,21,11,15
M3_block_alpha_stickiness,58,13592435,0.1365154877865,0.04628345410018825,-1.07934061259575,3.30090180033,0.1678377805468665,NA,NA,5.875,2.888888889,4.294117647,4.5,7,5,16,18,18
M3_block_alpha_stickiness,59,13594080,0.12125900815475,0.0523226983145115,-0.9326751130129275,10.8026755239,0.830924729421,NA,NA,5.125,3.777777778,4.411764706,5.333333333,4.75,32,16,8,23
M3_block_alpha_stickiness,60,13594097,0.5111152345702025,0.44799429320925,-0.13792130318738524,8.8975451089,0.14485934533467726,NA,NA,3.125,4.888888889,4.058823529,5.166666667,3.25,21,24,9,12
M3_block_alpha_stickiness,61,13596760,0.014250797976693874,0.2429612955921326,3.8832534045476623,6.4694713225,0.2516001170305644,NA,NA,4.625,3.888888889,4.235294118,4.333333333,4,30,23,20,21
M3_block_alpha_stickiness,62,13597838,0.3564886248745803,0.366828186374374,0.18901499641617353,0.23051153727161,0.596795819019,NA,NA,1.25,2,1.647058824,6.666666667,1.25,36,3,34,1
M3_block_alpha_stickiness,63,13598869,0.913960018555,0.9014308806225,-0.014421824542727226,4.495756810175,0.9272461900321675,NA,NA,5.25,3.222222222,4.176470588,3.166666667,5,26,12,19,7
M3_block_alpha_stickiness,64,13599077,0.5652268396552748,0.6416352674013948,0.5329829179881945,1.09495272574755,0.42451798811124125,NA,NA,6.625,4.666666667,5.588235294,3.666666667,7,11,33,8,5
M3_block_alpha_stickiness,65,13604099,0.340752921381695,0.13568734672108926,-1.1604449296021,2.02418347745055,0.95242324824,NA,NA,4.25,3.888888889,4.058823529,6,4.5,21,12,7,30
M4_block_alpha_full_response,1,13531305,0.677404963398875,0.1982913528655877,-1.840590176755947,2.35888216540325,0.7708322997085,-2.1312357038,NA,4.25,3.444444444,3.823529412,5.333333333,5.5,28,20,33,3
M4_block_alpha_full_response,2,13531717,0.22967914179802534,0.19167812178698873,-0.49349792464805,0.55007459711829,0.0231899124336135,-0.69575071080675,NA,2.875,2.888888889,2.882352941,5.833333333,6.25,30,14,17,9
M4_block_alpha_full_response,3,13533233,0.01645584614085635,0.03349446047099655,1.18935631943919,3.50212555539,-0.05794256739871325,0.1660987883599215,NA,4.25,4.777777778,4.529411765,3.333333333,5.75,32,4,26,0
M4_block_alpha_full_response,4,13535036,0.771436293185,0.653211798215,-0.17181329293577025,4.066843987125,1.793184608185,0.16308187841659,NA,4.875,6.333333333,5.647058824,1.833333333,3,26,5,21,7
M4_block_alpha_full_response,5,13535312,0.2660839919192458,0.31888910346720506,1.00170902982405,0.73148306091868,0.03992979890332575,-0.10157127085475474,NA,3.25,3.333333333,3.294117647,5.166666667,5,34,7,15,1
M4_block_alpha_full_response,6,13536005,0.63948212239305,0.88722062499825,0.4401139937275005,2.3505026099425,1.2582665150825,0.1421853168235455,NA,2.5,2.888888889,2.705882353,4.166666667,4.5,36,7,21,19
M4_block_alpha_full_response,7,13536034,0.30118335826142756,0.37099159672892,0.498812039102232,0.1854926084812625,-0.012642294016429,-0.145481949746415,NA,4.75,4.222222222,4.470588235,2.666666667,1.5,32,9,1,24
M4_block_alpha_full_response,8,13536157,0.3278578756127122,0.32558466039696904,0.05019633011335,0.2251810173165975,0.1037669624178875,-0.232337957105605,NA,4.5,5.888888889,5.235294118,4,5.25,25,12,16,11
M4_block_alpha_full_response,9,13536182,0.384582667968739,0.3200590557511013,-0.22901490650567,0.595263577615365,0.45093724406068525,-2.4790043339,NA,6.25,6.333333333,6.294117647,1,5.5,6,25,5,35
M4_block_alpha_full_response,10,13536213,0.00236773176252555,0.012000104377062625,1.6728522835087,43.77673395875,0.602753817248935,-0.005885072390172499,NA,1.875,2.444444444,2.176470588,5.333333333,3,36,9,9,19
M4_block_alpha_full_response,11,13536326,0.2637278025263539,0.2734629393123795,0.596850368853475,0.9338714651163,0.04395325415362397,-0.0778298786548025,NA,5.875,5,5.411764706,4.666666667,6.75,15,23,20,20
M4_block_alpha_full_response,12,13536402,0.204135898067575,0.15071762855375,-0.2622072588165725,6.9631364189,1.4301001955525,-0.2889020883090425,NA,5.75,3.666666667,4.647058824,5,4,14,18,17,15
M4_block_alpha_full_response,13,13536814,0.3473667756348335,0.32690167093614964,-0.18873659725056025,0.5139788694754125,0.51584073902123,2.042805783275,NA,4.125,3.888888889,4,4,4.5,25,20,20,16
M4_block_alpha_full_response,14,13537400,0.3159712584574029,0.3827799053585505,0.4612508116177225,0.217494040285505,0.01515780657867,-0.3137063577723775,NA,3.5,2.777777778,3.117647059,3.666666667,2.25,33,19,16,7
M4_block_alpha_full_response,15,13537557,0.2718044489743712,0.676016039904975,1.228712189618932,2.3761697453625,1.16657961574,-0.07095567340359525,NA,2.25,2.333333333,2.294117647,5.5,3,36,4,36,4
M4_block_alpha_full_response,16,13537616,0.3350396952276954,0.3621252474557702,0.174835324978725,0.1186017671060625,0.1550441197908375,-0.180348950381495,NA,2.625,3.444444444,3.058823529,4,3.75,26,14,24,14
M4_block_alpha_full_response,17,13540235,0.3354239162807158,0.381887322103977,0.4809162498444455,0.308463818253625,0.131119528649289,-0.338262284880775,NA,3.625,3.888888889,3.764705882,4.833333333,4.25,20,17,19,18
M4_block_alpha_full_response,18,13540898,0.2271204566793035,0.4481471136413675,2.24554513000311,1.2435972852017,0.1567046106502565,-0.485670984865015,NA,5,3,3.941176471,5,3.75,36,11,7,11
M4_block_alpha_full_response,19,13541825,0.30702425483112145,0.3759718062375655,0.4311007599249425,0.097049204251115,-0.005162668766851525,0.17909951948975775,NA,4.5,3.333333333,3.882352941,5,2.5,32,9,25,7
M4_block_alpha_full_response,20,13542049,0.3020616402478726,0.3484830089551488,0.33435329408977,0.516332992534025,0.1400805927631825,-3.33647720265,NA,2.75,5.666666667,4.294117647,5.666666667,5.75,12,9,12,7
M4_block_alpha_full_response,21,13542332,0.38914518573728,0.70828894734055,0.89876571615243,2.3359175062825,1.896145614035,-0.227528479730975,NA,3.5,2.333333333,2.882352941,5.333333333,1.5,35,5,29,2
M4_block_alpha_full_response,22,13543315,0.36702369378429023,0.37354747949347034,0.06568744786142,0.370020010159175,-0.0907449016900125,0.4253219815430475,NA,2.625,3.888888889,3.294117647,4.666666667,4.75,14,20,16,20
M4_block_alpha_full_response,23,13544904,0.0020937884410667986,0.02281480890252175,2.49223421919635,12.0478423014,0.55506087897871,-0.2329939138787975,NA,4.125,2.777777778,3.411764706,1.666666667,5.75,25,22,15,17
M4_block_alpha_full_response,24,13545757,0.4079189218825,0.8183614238975,1.02360462372005,2.895567426225,0.002289783017449825,0.0834495904285525,NA,4.125,2.777777778,3.411764706,5.333333333,2,32,0,32,0
M4_block_alpha_full_response,25,13546009,0.574146599378163,0.5058152608773807,-0.23583091407666254,1.0044761469673,0.4399238839044475,0.0431119215505635,NA,3.625,2.777777778,3.176470588,5,2.75,10,8,0,0
M4_block_alpha_full_response,26,13547563,0.0048494386193294,0.01739410774241075,1.1978529753723575,16.744884960475,0.469274067338929,0.166146827162822,NA,3.625,2.777777778,3.176470588,5.166666667,2.75,22,7,11,13
M4_block_alpha_full_response,27,13548221,0.00679913791427785,0.0382119869097628,2.26985083745795,5.448875989975,-0.17031994701844624,-0.907818233288195,NA,3.125,4.111111111,3.647058824,4.5,5.25,19,20,14,19
M4_block_alpha_full_response,28,13548840,0.3968516549169305,0.335710667182062,-0.18952547455116725,0.502534654572625,0.112341528444511,0.7243319473425,NA,3.5,4.111111111,3.823529412,6,3,2,7,35,2
M4_block_alpha_full_response,29,13549051,0.41147911080693256,0.4345275059852294,-0.309760086655255,1.59947981141605,1.983873749925,-0.10415150288844065,NA,5.5,4.666666667,5.058823529,5,6,23,14,23,9
M4_block_alpha_full_response,30,13549479,0.6861649451221548,0.7602603819073225,0.222359056065895,1.5133217969345,0.9569541267075,0.12750445356562318,NA,3.625,5.222222222,4.470588235,6.833333333,5,15,14,6,14
M4_block_alpha_full_response,31,13549649,0.551242206281135,0.60664152787138,0.2263114691664475,1.4017850656715,0.62898892656755,0.084218797947822,NA,2.25,3.111111111,2.705882353,4.833333333,2.25,24,21,12,26
M4_block_alpha_full_response,32,13551194,0.3596404138420555,0.83980566974295,1.102496255631865,1.737166005348275,0.447546674002725,-0.250216150311625,NA,3.75,3.222222222,3.470588235,6.833333333,6.25,14,6,28,3
M4_block_alpha_full_response,33,13551454,0.4861881409562662,0.16685408709103175,-2.24668581897515,0.6248356432170997,1.1745074550925,-0.47760122216192474,NA,4,3.111111111,3.529411765,5.166666667,5.25,26,13,30,9
M4_block_alpha_full_response,34,13552853,0.2099261566136233,0.6445787108579325,3.6285251461945975,2.20254983732225,0.6596310284637075,0.1810648753493275,NA,4,2.888888889,3.411764706,5,4.25,25,29,17,30
M4_block_alpha_full_response,35,13555618,0.0010753130347951575,0.003170063868694825,1.07499300261762,175.9938616595,0.8762401328029275,-0.0633750425435425,NA,5.25,3.777777778,4.470588235,4.833333333,4.5,27,17,17,16
M4_block_alpha_full_response,36,13557505,0.430852839365578,0.552703191652876,0.3994475401878275,0.611841287268585,1.2124943716525,-1.1703865199575,NA,3.125,6.555555556,4.941176471,3.666666667,1.75,18,31,20,17
M4_block_alpha_full_response,37,13561397,0.2240725694672926,0.322461449375498,0.8568924368824823,0.2544551592613125,0.00327861637653125,-1.1148093757475,NA,2.125,3.333333333,2.764705882,4.5,3,19,13,21,7
M4_block_alpha_full_response,38,13564237,0.493692530271428,0.4057939165898425,-0.045893001112735,3.177528983321,2.334587012,0.42277617668130846,NA,5.125,3.555555556,4.294117647,4.166666667,5.75,29,17,29,15
M4_block_alpha_full_response,39,13566178,0.418461670316761,0.1278778763882565,-2.250386538805325,2.096765632046725,0.8297252499734175,-2.038702046525,NA,4.75,4.111111111,4.411764706,3.333333333,3.5,22,16,18,20
M4_block_alpha_full_response,40,13574435,0.0016026649318354974,0.015121513952729,2.2255849695221825,8.817182222125,-0.08154146816544525,-0.0775468615729055,NA,4.5,5.888888889,5.235294118,6.666666667,5.25,30,9,33,3
M4_block_alpha_full_response,41,13574754,0.2057366873076388,0.546517806433557,1.65040992877645,0.688570689159575,0.3024464084163975,-0.2555252356313725,NA,2.375,2.666666667,2.529411765,3.666666667,1,21,25,34,12
M4_block_alpha_full_response,42,13575611,0.0986164013999617,0.159588634255624,1.3651533390777475,1.751391979201475,0.0820930026708455,-0.073517592738707,NA,4.125,4.444444444,4.294117647,2.833333333,2,14,15,17,22
M4_block_alpha_full_response,43,13575855,0.240162330194375,0.7551927541025,1.35112275399023,3.87058408946,1.59428333505,0.0955760134746555,NA,2.25,5.444444444,3.941176471,4.5,1.75,26,18,7,28
M4_block_alpha_full_response,44,13576062,0.5557047469030972,0.84029408688432,0.628440008223125,2.60541377367925,1.6531645052775,0.04940936043052325,NA,3.375,5.333333333,4.411764706,2.666666667,1,30,4,36,9
M4_block_alpha_full_response,45,13576659,0.42461646636147227,0.552042570860555,0.5540493364790062,1.909245651982,2.081619091675,0.0693190674168925,NA,3.875,4.666666667,4.294117647,3.333333333,3.75,34,3,26,9
M4_block_alpha_full_response,46,13577320,0.269002350473125,0.57949592254325,0.8894789042451275,3.828967053525,0.395618101907877,-0.29531130983141,NA,3.625,5.444444444,4.588235294,5.5,1.75,18,15,13,15
M4_block_alpha_full_response,47,13577820,0.26850560268347523,0.090919854120882,-2.2324209450541224,1.242049314463375,1.138696056465,-0.36446267457605935,NA,4.25,2.888888889,3.529411765,5.666666667,4.25,20,1,9,8
M4_block_alpha_full_response,48,13577827,0.3214566445894366,0.370092610467883,0.3998184336519975,0.072125601108367493,-0.0217197717067325,-0.1081228909647125,NA,2.875,2.888888889,2.882352941,6.5,5,36,6,34,3
M4_block_alpha_full_response,49,13583027,0.2665408365635874,0.31639077936719273,0.406139645096845,0.1237843744233725,-0.14717052988532,0.2287228634605675,NA,2.875,3.555555556,3.235294118,5.333333333,4.25,25,14,24,12
M4_block_alpha_full_response,50,13584631,0.24723168584428068,0.572622288182868,1.2092060300948972,2.187532462535,-0.15526877566541875,-0.011552388509414,NA,4.75,2.777777778,3.705882353,5.166666667,5,21,25,23,21
M4_block_alpha_full_response,51,13584969,0.23259109689975,0.030471559795380326,-2.379660607657525,3.051729113335,0.2969146248195575,0.4211741441040975,NA,4.625,4.666666667,4.647058824,3.833333333,3.75,33,4,14,17
M4_block_alpha_full_response,52,13585333,0.21089937834975,0.10491225326550845,-1.82021416789369,6.297848138375,-0.06374726332505636,0.197012399384123,NA,1.75,3.888888889,2.882352941,5.833333333,2.25,36,8,36,5
M4_block_alpha_full_response,53,13586484,0.24235068478854516,0.3478647954292187,0.5345880040376775,0.39220768204275003,0.149438543639595,0.054000008520867,NA,3,2.777777778,2.882352941,5.333333333,4,26,20,23,17
M4_block_alpha_full_response,54,13588120,0.2616755595850361,0.31049626087535676,0.4697201327598,0.15029471582715,0.21047121778383426,-0.069560682039266,NA,3.875,2.222222222,3,3.333333333,3.75,33,7,32,7
M4_block_alpha_full_response,55,13588921,0.3909299023079475,0.5884856808138925,0.5061967028897173,1.9541437431878,1.717556166095,-0.2843808463820525,NA,4.5,2.888888889,3.647058824,3,4.75,29,23,12,25
M4_block_alpha_full_response,56,13589585,0.2938968999885835,0.28590876180897823,-0.15312109163205,0.2551986000481225,0.355388363364215,-0.90314428205,NA,5.125,3.222222222,4.117647059,5.333333333,4.5,35,4,33,8
M4_block_alpha_full_response,57,13590898,0.31716320385770075,0.31667559622263247,0.086263757265445,0.1035574353164125,-0.07252342291436174,-0.4723708810161,NA,5.125,4.888888889,5,5.166666667,6.25,17,21,11,15
M4_block_alpha_full_response,58,13592435,0.142598672504525,0.04649298958197675,-1.1671720180647,3.3970422639075,0.15073942562869,-0.2373979075857225,NA,5.875,2.888888889,4.294117647,4.5,7,5,16,18,18
M4_block_alpha_full_response,59,13594080,0.10979108939725,0.0578943602368025,-0.6858229500679075,11.2804318666,0.830956614970225,-0.303907607186005,NA,5.125,3.777777778,4.411764706,5.333333333,4.75,32,16,8,23
M4_block_alpha_full_response,60,13594097,0.53322383234375,0.4423618647738575,-0.230600287863605,9.4554932375,0.108490559502336,0.3261479009179775,NA,3.125,4.888888889,4.058823529,5.166666667,3.25,21,24,9,12
M4_block_alpha_full_response,61,13596760,0.013821323043216744,0.239698104081075,3.9169825858865,6.599393235775,0.26902499153934,-0.0854878666228875,NA,4.625,3.888888889,4.235294118,4.333333333,4,30,23,20,21
M4_block_alpha_full_response,62,13597838,0.37088687949141474,0.362370870191808,0.09082426301944,0.251703720260875,0.6040023249575,-0.022749222001365,NA,1.25,2,1.647058824,6.666666667,1.25,36,3,34,1
M4_block_alpha_full_response,63,13598869,0.913907385125,0.904538386015,-0.011037704289025424,4.544646633575,0.935821673239,-0.2284001302603075,NA,5.25,3.222222222,4.176470588,3.166666667,5,26,12,19,7
M4_block_alpha_full_response,64,13599077,0.5841904042933798,0.64937809193578655,0.43530014157194175,1.13424627779675,0.451464513726555,-0.15852385592979926,NA,6.625,4.666666667,5.588235294,3.666666667,7,11,33,8,5
M4_block_alpha_full_response,65,13604099,0.347083241547275,0.13325746885466574,-1.203997687866975,2.12660657325625,1.0272882247575,-0.5068702310933,NA,4.25,3.888888889,4.058823529,6,4.5,21,12,7,30
M7_single_alpha_full_response,1,13531305,NA,NA,NA,1.8844546823105,0.81457288253275,-2.0888255145175,0.6309908309568985,4.25,3.444444444,3.823529412,5.333333333,5.5,28,20,33,3
M7_single_alpha_full_response,2,13531717,NA,NA,NA,0.6243053863057725,0.02310852581743275,-0.69588996373625,0.18078008376202562,2.875,2.888888889,2.882352941,5.833333333,6.25,30,14,17,9
M7_single_alpha_full_response,3,13533233,NA,NA,NA,3.61201353583,-0.0512680393056615,0.1600761851554625,0.010887483847998758,4.25,4.777777778,4.529411765,3.333333333,5.75,32,4,26,0
M7_single_alpha_full_response,4,13535036,NA,NA,NA,4.1517825065,1.813708506065,0.14157767121974274,0.7295471713025,4.875,6.333333333,5.647058824,1.833333333,3,26,5,21,7
M7_single_alpha_full_response,5,13535312,NA,NA,NA,0.694804590744925,0.04212528683077282,-0.10365111700169077,0.3160878436589636,3.25,3.333333333,3.294117647,5.166666667,5,34,7,15,1
M7_single_alpha_full_response,6,13536005,NA,NA,NA,2.324301089415,1.294754915035,0.145471993076596,0.90766381722275,2.5,2.888888889,2.705882353,4.166666667,4.5,36,7,21,19
M7_single_alpha_full_response,7,13536034,NA,NA,NA,0.186114873036425,-0.0132098465012025,-0.1427212561092785,0.39294550650464927,4.75,4.222222222,4.470588235,2.666666667,1.5,32,9,1,24
M7_single_alpha_full_response,8,13536157,NA,NA,NA,0.2242843535003925,0.1043089393468105,-0.23329512530957824,0.34414647543265786,4.5,5.888888889,5.235294118,4,5.25,25,12,16,11
M7_single_alpha_full_response,9,13536182,NA,NA,NA,0.57055897618865,0.4487681967569,-2.461548489825,0.397013889462134,6.25,6.333333333,6.294117647,1,5.5,6,25,5,35
M7_single_alpha_full_response,10,13536213,NA,NA,NA,45.30867154675,0.606809673717944,0.1066234159296975,0.0019221912441180044,1.875,2.444444444,2.176470588,5.333333333,3,36,9,9,19
M7_single_alpha_full_response,11,13536326,NA,NA,NA,1.0375618579732926,0.04696724639037692,-0.0777452044304225,0.25313576630129503,5.875,5,5.411764706,4.666666667,6.75,15,23,20,20
M7_single_alpha_full_response,12,13536402,NA,NA,NA,7.014458764425,1.4085006252,-0.31054492792523775,0.16157503199,5.75,3.666666667,4.647058824,5,4,14,18,17,15
M7_single_alpha_full_response,13,13536814,NA,NA,NA,0.505425015603505,0.5136027848315425,2.040849249825,0.37657477822107777,4.125,3.888888889,4,4,4.5,25,20,20,16
M7_single_alpha_full_response,14,13537400,NA,NA,NA,0.207001291154425,0.01738397150880075,-0.3134453704086675,0.4034362111514534,3.5,2.777777778,3.117647059,3.666666667,2.25,33,19,16,7
M7_single_alpha_full_response,15,13537557,NA,NA,NA,2.248776262215,1.1466229761375,-0.0874858112148135,0.55934824807,2.25,2.333333333,2.294117647,5.5,3,36,4,36,4
M7_single_alpha_full_response,16,13537616,NA,NA,NA,0.1140607519524225,0.154160875372896,-0.18326802990515076,0.408228788947214,2.625,3.444444444,3.058823529,4,3.75,26,14,24,14
M7_single_alpha_full_response,17,13540235,NA,NA,NA,0.310175558666275,0.12906366603489836,-0.3366905229934,0.4088339982861483,3.625,3.888888889,3.764705882,4.833333333,4.25,20,17,19,18
M7_single_alpha_full_response,18,13540898,NA,NA,NA,1.02328217908425,0.166359337021476,-0.483521225102525,0.5117728680819347,5,3,3.941176471,5,3.75,36,11,7,11
M7_single_alpha_full_response,19,13541825,NA,NA,NA,0.097499352206735,-0.006529520014315,0.178213766275095,0.3947346540410306,4.5,3.333333333,3.882352941,5,2.5,32,9,25,7
M7_single_alpha_full_response,20,13542049,NA,NA,NA,0.544343864015345,0.1372549676773613,-3.324169997725,0.3619256357276944,2.75,5.666666667,4.294117647,5.666666667,5.75,12,9,12,7
M7_single_alpha_full_response,21,13542332,NA,NA,NA,2.226261994717,1.8907946841625,-0.2770885412369985,0.6882399336744724,3.5,2.333333333,2.882352941,5.333333333,1.5,35,5,29,2
M7_single_alpha_full_response,22,13543315,NA,NA,NA,0.391258062876885,-0.09322738005757775,0.426886437270375,0.4559432044316311,2.625,3.888888889,3.294117647,4.666666667,4.75,14,20,16,20
M7_single_alpha_full_response,23,13544904,NA,NA,NA,12.13784974715,0.61383119738099,-0.315530884991157,0.00112511765315858,4.125,2.777777778,3.411764706,1.666666667,5.75,25,22,15,17
M7_single_alpha_full_response,24,13545757,NA,NA,NA,2.682646486475,-0.0013357399359100002,0.0779804088246025,0.8232651304525,4.125,2.777777778,3.411764706,5.333333333,2,32,0,32,0
M7_single_alpha_full_response,25,13546009,NA,NA,NA,1.01525765911245,0.4478254791730375,0.05991636196728025,0.748623089734918,3.625,2.777777778,3.176470588,5,2.75,10,8,0,0
M7_single_alpha_full_response,26,13547563,NA,NA,NA,16.0980687392,0.5085107070873905,0.1349478536366725,0.003403061864155175,3.625,2.777777778,3.176470588,5.166666667,2.75,22,7,11,13
M7_single_alpha_full_response,27,13548221,NA,NA,NA,5.541199822125,-0.15532969552347026,-0.938838646546,0.0068482100997736125,3.125,4.111111111,3.647058824,4.5,5.25,19,20,14,19
M7_single_alpha_full_response,28,13548840,NA,NA,NA,0.492807993353475,0.1113560231100925,0.72309436551825,0.4130923973743906,3.5,4.111111111,3.823529412,6,3,2,7,35,2
M7_single_alpha_full_response,29,13549051,NA,NA,NA,1.5321085676775,2.0157460362,-0.0987308558427645,0.5728979936797948,5.5,4.666666667,5.058823529,5,6,23,14,23,9
M7_single_alpha_full_response,30,13549479,NA,NA,NA,1.51163845062875,0.9788606233975,0.11389312112632975,0.8564463432354,3.625,5.222222222,4.470588235,6.833333333,5,15,14,6,14
M7_single_alpha_full_response,31,13549649,NA,NA,NA,1.4472338266375,0.625769956403025,0.0822030686214365,0.64406868440026,2.25,3.111111111,2.705882353,4.833333333,2.25,24,21,12,26
M7_single_alpha_full_response,32,13551194,NA,NA,NA,1.452137943035,0.486157761295325,-0.274331494032805,0.7553160468795,3.75,3.222222222,3.470588235,6.833333333,6.25,14,6,28,3
M7_single_alpha_full_response,33,13551454,NA,NA,NA,0.2946450154850825,1.2170881416925,-0.4621139907511825,0.38093237122657125,4,3.111111111,3.529411765,5.166666667,5.25,26,13,30,9
M7_single_alpha_full_response,34,13552853,NA,NA,NA,1.724094351855,0.7826117561515,0.183769489086941,0.7770792909488226,4,2.888888889,3.411764706,5,4.25,25,29,17,30
M7_single_alpha_full_response,35,13555618,NA,NA,NA,227.03672527375,0.793155779961225,-0.105472795762275,7.99757392339795e-4,5.25,3.777777778,4.470588235,4.833333333,4.5,27,17,17,16
M7_single_alpha_full_response,36,13557505,NA,NA,NA,0.689102963374935,1.2149878407875,-1.17950677147,0.6710129561469239,3.125,6.555555556,4.941176471,3.666666667,1.75,18,31,20,17
M7_single_alpha_full_response,37,13561397,NA,NA,NA,0.2928886922803125,0.006150385205488175,-1.1158236703075,0.24827231783404094,2.125,3.333333333,2.764705882,4.5,3,19,13,21,7
M7_single_alpha_full_response,38,13564237,NA,NA,NA,3.341231931086425,2.346073870275,0.3948620278585715,0.46882611937445,5.125,3.555555556,4.294117647,4.166666667,5.75,29,17,29,15
M7_single_alpha_full_response,39,13566178,NA,NA,NA,1.467774105136975,0.847412599881275,-1.96519175618,0.39115746160923726,4.75,4.111111111,4.411764706,3.333333333,3.5,22,16,18,20
M7_single_alpha_full_response,40,13574435,NA,NA,NA,8.896524653675,-0.088751444028942,-0.05712344613386,0.001245522507755202,4.5,5.888888889,5.235294118,6.666666667,5.25,30,9,33,3
M7_single_alpha_full_response,41,13574754,NA,NA,NA,0.572179470470075,0.3176188771249625,-0.2549593993850813,0.3992992762093493,2.375,2.666666667,2.529411765,3.666666667,1,21,25,34,12
M7_single_alpha_full_response,42,13575611,NA,NA,NA,1.824119166226425,0.07613542346447225,-0.07436629569001142,0.085323622374857,4.125,4.444444444,4.294117647,2.833333333,2,14,15,17,22
M7_single_alpha_full_response,43,13575855,NA,NA,NA,3.7066426056175,1.4993667998275,0.096229088335006,0.544154917845,2.25,5.444444444,3.941176471,4.5,1.75,26,18,7,28
M7_single_alpha_full_response,44,13576062,NA,NA,NA,2.5414614361775,1.6904125361775,0.070016978663154,0.88284459257225,3.375,5.333333333,4.411764706,2.666666667,1,30,4,36,9
M7_single_alpha_full_response,45,13576659,NA,NA,NA,1.95602913277,2.10434507125,0.058014573590678,0.59215733446351,3.875,4.666666667,4.294117647,3.333333333,3.75,34,3,26,9
M7_single_alpha_full_response,46,13577320,NA,NA,NA,3.837281640925,0.39633574517929376,-0.3263741084664353,0.432787833506,3.625,5.444444444,4.588235294,5.5,1.75,18,15,13,15
M7_single_alpha_full_response,47,13577820,NA,NA,NA,0.895136901905905,1.1619194689525,-0.3662310593580375,0.147192789375065,4.25,2.888888889,3.529411765,5.666666667,4.25,20,1,9,8
M7_single_alpha_full_response,48,13577827,NA,NA,NA,0.0717031666431875,-0.0200757845437175,-0.10919639709055975,0.3964637288947059,2.875,2.888888889,2.882352941,6.5,5,36,6,34,3
M7_single_alpha_full_response,49,13583027,NA,NA,NA,0.12610986752384,-0.14450250927585,0.2284638099947315,0.28814560257707866,2.875,3.555555556,3.235294118,5.333333333,4.25,25,14,24,12
M7_single_alpha_full_response,50,13584631,NA,NA,NA,2.345475355065,-0.154390616149892,7.616421876399999e-4,0.37861771481811674,4.75,2.777777778,3.705882353,5.166666667,5,21,25,23,21
M7_single_alpha_full_response,51,13584969,NA,NA,NA,2.8717232177925,0.373547967282031,0.428197825787535,0.084519397240725,4.625,4.666666667,4.647058824,3.833333333,3.75,33,4,14,17
M7_single_alpha_full_response,52,13585333,NA,NA,NA,5.26561237695,-0.11788770484297025,0.1375905594798335,0.231525586806775,1.75,3.888888889,2.882352941,5.833333333,2.25,36,8,36,5
M7_single_alpha_full_response,53,13586484,NA,NA,NA,0.397465474292075,0.1502790022867,0.05779069786144725,0.28832528981909145,3,2.777777778,2.882352941,5.333333333,4,26,20,23,17
M7_single_alpha_full_response,54,13588120,NA,NA,NA,0.15568508338894024,0.21523662763061374,-0.0698699169122525,0.27682247459599535,3.875,2.222222222,3,3.333333333,3.75,33,7,32,7
M7_single_alpha_full_response,55,13588921,NA,NA,NA,1.99693923582125,1.712555683025,-0.2545752280775575,0.5364274858052925,4.5,2.888888889,3.647058824,3,4.75,29,23,12,25
M7_single_alpha_full_response,56,13589585,NA,NA,NA,0.2639529196961,0.3538879681400148,-0.9055901468625,0.27816823548343605,5.125,3.222222222,4.117647059,5.333333333,4.5,35,4,33,8
M7_single_alpha_full_response,57,13590898,NA,NA,NA,0.102834906007295,-0.07234212551450225,-0.47002803999998416,0.3270969099240834,5.125,4.888888889,5,5.166666667,6.25,17,21,11,15
M7_single_alpha_full_response,58,13592435,NA,NA,NA,3.54779591554,0.16557072029929726,-0.2074419832640525,0.0613535667167,5.875,2.888888889,4.294117647,4.5,7,5,16,18,18
M7_single_alpha_full_response,59,13594080,NA,NA,NA,11.1635486603,0.792266514906125,-0.3689871623515675,0.07561374254825,5.125,3.777777778,4.411764706,5.333333333,4.75,32,16,8,23
M7_single_alpha_full_response,60,13594097,NA,NA,NA,9.493116127425,0.1617333685945,0.317713678570582,0.506047642065,3.125,4.888888889,4.058823529,5.166666667,3.25,21,24,9,12
M7_single_alpha_full_response,61,13596760,NA,NA,NA,5.48744816495,0.296127717894901,-0.106069458500187,0.17046900358711709,4.625,3.888888889,4.235294118,4.333333333,4,30,23,20,21
M7_single_alpha_full_response,62,13597838,NA,NA,NA,0.254459804827025,0.59935549309275,-0.0231343790720405,0.45498483902652836,1.25,2,1.647058824,6.666666667,1.25,36,3,34,1
M7_single_alpha_full_response,63,13598869,NA,NA,NA,4.440096998075,1.005084141741,-0.2299574309794975,0.9543698963625,5.25,3.222222222,4.176470588,3.166666667,5,26,12,19,7
M7_single_alpha_full_response,64,13599077,NA,NA,NA,1.169240861057675,0.450506624878441,-0.150483670228695,0.85024446615488,6.625,4.666666667,5.588235294,3.666666667,7,11,33,8,5
M7_single_alpha_full_response,65,13604099,NA,NA,NA,2.19560157927625,1.0195997008925,-0.49671809673241,0.1699724088487215,4.25,3.888888889,4.058823529,6,4.5,21,12,7,30
