model,replication,parameter_class,n_parameters,pearson_r,spearman_rho,mean_bias,rmse,interval_coverage
M3_block_alpha_stickiness,1,alpha_stable,65,0.5584090840421686,0.5939685314685315,-0.1221811762681859,0.32395815215933305,0.8
M3_block_alpha_stickiness,1,alpha_volatile,65,0.705818947779285,0.7141171328671329,-0.02190708292293831,0.25203390486622484,0.8923076923076924
M3_block_alpha_stickiness,1,beta,65,0.9914109505147334,0.9114947552447552,0.17503774953966672,1.2988637143824309,0.8
M3_block_alpha_stickiness,1,delta_alpha,65,0.5173932180716521,0.5156031468531469,0.10027409379424031,0.3608110067740248,0.8615384615384616
M3_block_alpha_stickiness,1,delta_log_alpha,65,0.4325776967101181,0.4728583916083916,0.6723929775411247,2.214861573923155,0.8615384615384616
M3_block_alpha_stickiness,1,rho,65,0.9401721545581216,0.9410839160839161,0.023733178427085517,0.22612480651984557,0.9076923076923077
M3_block_alpha_stickiness,2,alpha_stable,65,0.6296771857326767,0.6501311188811189,-0.04068486064930847,0.2532966046046033,0.7538461538461538
M3_block_alpha_stickiness,2,alpha_volatile,65,0.6878642402764314,0.7074737762237763,-0.07072970933109557,0.27821428090173655,0.8153846153846154
M3_block_alpha_stickiness,2,beta,65,0.9890367851615935,0.8975087412587412,-0.8272621484780721,5.854292989397495,0.6923076923076923
M3_block_alpha_stickiness,2,delta_alpha,65,0.49644622869423,0.5663898601398601,-0.03004484916746224,0.33814972911724855,0.9230769230769231
M3_block_alpha_stickiness,2,delta_log_alpha,65,0.582850622658912,0.6710227272727273,-0.1414823204126048,1.9981453789595134,0.8307692307692308
M3_block_alpha_stickiness,2,rho,65,0.9352388156024342,0.9166083916083916,-0.06501739649183151,0.2566304154755135,0.8769230769230769
M3_block_alpha_stickiness,3,alpha_stable,65,0.5987121106477337,0.5832167832167832,-0.029062187413271913,0.26057964492679814,0.9076923076923077
M3_block_alpha_stickiness,3,alpha_volatile,65,0.6912776714254077,0.6574300699300699,-0.03935694479580713,0.22506751576570191,0.9076923076923077
M3_block_alpha_stickiness,3,beta,65,0.939078155186303,0.9312937062937063,-2.8864452007284425,23.244235504661564,0.8461538461538461
M3_block_alpha_stickiness,3,delta_alpha,65,0.4507423049780069,0.503277972027972,-0.010294757835986636,0.3397284602596058,0.9076923076923077
M3_block_alpha_stickiness,3,delta_log_alpha,65,0.5349836660963814,0.5640734265734266,-0.12481953567993494,1.5874333115337933,0.9076923076923077
M3_block_alpha_stickiness,3,rho,65,0.9254960917864734,0.89256993006993,-0.023343940596904166,0.2604178001825616,0.8153846153846154
M3_block_alpha_stickiness,4,alpha_stable,65,0.5464556171412496,0.5859265734265734,-0.0988158754311746,0.30404036513375426,0.7846153846153846
M3_block_alpha_stickiness,4,alpha_volatile,65,0.6322645054341827,0.6822552447552448,-0.10403289001452982,0.3011425039763073,0.7692307692307693
M3_block_alpha_stickiness,4,beta,65,0.9889703324476817,0.9236451048951049,-1.1692438674133308,10.659971529158177,0.8153846153846154
M3_block_alpha_stickiness,4,delta_alpha,65,0.4989960333983458,0.58243006993007,-0.005217014374724247,0.35494408707481984,0.8615384615384616
M3_block_alpha_stickiness,4,delta_log_alpha,65,0.5242868723493354,0.5401223776223776,-0.04256929128934246,1.5839159220388794,0.9538461538461539
M3_block_alpha_stickiness,4,rho,65,0.9268631182285096,0.8899475524475524,0.015580681188896743,0.24478987649456113,0.9076923076923077
M3_block_alpha_stickiness,5,alpha_stable,65,0.7402976972034971,0.706555944055944,-0.07073821582842572,0.2536256502044669,0.8461538461538461
M3_block_alpha_stickiness,5,alpha_volatile,65,0.6400975428499761,0.6167832167832168,-0.12119340544004226,0.2901948026616392,0.8
M3_block_alpha_stickiness,5,beta,65,0.9780148000663637,0.9516171328671329,-0.44672972482387413,6.7709832588337555,0.9384615384615385
M3_block_alpha_stickiness,5,delta_alpha,65,0.5032731305910113,0.5118881118881119,-0.050455189638551834,0.3238241798981201,0.9076923076923077
M3_block_alpha_stickiness,5,delta_log_alpha,65,0.40182457410194794,0.4791083916083916,-0.12468491747559778,2.262755419826749,0.8769230769230769
M3_block_alpha_stickiness,5,rho,65,0.9225021415316643,0.9038461538461539,-0.07851955905903965,0.30875209215482136,0.8461538461538461
M4_block_alpha_full_response,1,alpha_stable,65,0.432398682864988,0.5064248251748251,-0.16326815182073262,0.35468254144575123,0.8307692307692308
M4_block_alpha_full_response,1,alpha_volatile,65,0.803310809339651,0.7924825174825175,-0.052231881248617974,0.23048014137126874,0.8461538461538461
M4_block_alpha_full_response,1,beta,65,0.9843582136652315,0.9046765734265734,0.31284560038568743,3.2011363285698478,0.9076923076923077
M4_block_alpha_full_response,1,delta_alpha,65,0.5863473723978718,0.5215472027972028,0.11103627061666287,0.3776405482996015,0.8461538461538461
M4_block_alpha_full_response,1,delta_log_alpha,65,0.5263490477292936,0.5597027972027973,1.2723424863272301,2.8208068004771514,0.8923076923076924
M4_block_alpha_full_response,1,rho,65,0.9302736252357143,0.883479020979021,0.0029697277301712535,0.2538727108292378,0.8461538461538461
M4_block_alpha_full_response,1,side_bias,65,0.9510771992986004,0.909965034965035,0.04866217421097449,0.24727836566417685,0.9230769230769231
M4_block_alpha_full_response,2,alpha_stable,65,0.5515406271025106,0.6479458041958042,-0.12814619810746536,0.28473137661860287,0.8461538461538461
M4_block_alpha_full_response,2,alpha_volatile,65,0.6608864126037173,0.5476398601398601,-0.051364134411592655,0.253664658072631,0.8769230769230769
M4_block_alpha_full_response,2,beta,65,0.9669111236349158,0.9134178321678321,-4.004200403086683,33.43719383956044,0.7846153846153846
M4_block_alpha_full_response,2,delta_alpha,65,0.5987106493724847,0.540340909090909,0.07678206356047436,0.318095105136516,0.9076923076923077
M4_block_alpha_full_response,2,delta_log_alpha,65,0.5943722467983328,0.5868444055944056,0.6301570290252174,1.9509222030453566,0.9230769230769231
M4_block_alpha_full_response,2,rho,65,0.94302292608994,0.9341783216783217,0.016859634547545375,0.2219701202698241,0.9692307692307692
M4_block_alpha_full_response,2,side_bias,65,0.9521181699956437,0.8547202797202798,-0.03237138148426926,0.254855410825057,0.9076923076923077
M4_block_alpha_full_response,3,alpha_stable,65,0.6192473468194069,0.5881555944055944,-0.07578008913273437,0.2746833407809122,0.9076923076923077
M4_block_alpha_full_response,3,alpha_volatile,65,0.73069647144133,0.7269230769230769,0.015015290771748993,0.2578289625581495,0.9538461538461539
M4_block_alpha_full_response,3,beta,65,0.985825268197018,0.9222027972027972,-2.6896838276305104,20.398338214976402,0.7846153846153846
M4_block_alpha_full_response,3,delta_alpha,65,0.6224456016790506,0.6014423076923077,0.09079537957929283,0.34977310088326513,0.8923076923076924
M4_block_alpha_full_response,3,delta_log_alpha,65,0.5981354257416182,0.6375,0.5038318475687452,1.6410851832194113,0.9384615384615385
M4_block_alpha_full_response,3,rho,65,0.9019991710830605,0.8864947552447553,-0.04064876985755923,0.2869445542220626,0.8769230769230769
M4_block_alpha_full_response,3,side_bias,65,0.9339796167434601,0.8689685314685315,0.03504497745544305,0.3027315823500865,0.8615384615384616
M4_block_alpha_full_response,4,alpha_stable,65,0.585884044014579,0.701048951048951,-0.10044409577123338,0.27612299477898755,0.8615384615384616
M4_block_alpha_full_response,4,alpha_volatile,65,0.729664225101455,0.7344405594405594,-0.09211378461992224,0.25878838933406495,0.8615384615384616
M4_block_alpha_full_response,4,beta,65,0.9937224303761047,0.9378496503496504,0.020437306292329833,0.7707428648980931,0.9076923076923077
M4_block_alpha_full_response,4,delta_alpha,65,0.5915809368236411,0.526486013986014,0.008330311163588764,0.2724403996863096,0.9230769230769231
M4_block_alpha_full_response,4,delta_log_alpha,65,0.6679450052909438,0.6308129370629371,-0.19143624602517972,1.9074008852124165,0.9538461538461539
M4_block_alpha_full_response,4,rho,65,0.9380989963707379,0.9223339160839161,-0.06336028389429366,0.24736567116935232,0.8923076923076924
M4_block_alpha_full_response,4,side_bias,65,0.9535710588797439,0.8918269230769231,0.01755624053603869,0.2275873632385814,0.9076923076923077
M4_block_alpha_full_response,5,alpha_stable,65,0.6728820133221945,0.7122814685314686,-0.027139442791159228,0.215762863878106,0.9692307692307692
M4_block_alpha_full_response,5,alpha_volatile,65,0.6549599709988978,0.6625874125874126,0.004144431842445012,0.2690880392619,0.8615384615384616
M4_block_alpha_full_response,5,beta,65,0.994025859115958,0.9593968531468532,0.2672619000156191,1.3376913603019724,0.8153846153846154
M4_block_alpha_full_response,5,delta_alpha,65,0.5127586249680505,0.4777097902097902,0.03128387442091875,0.3499328121440615,0.8153846153846154
M4_block_alpha_full_response,5,delta_log_alpha,65,0.5752490080477267,0.5406905594405594,0.5397214515391376,1.7466722880147385,0.8769230769230769
M4_block_alpha_full_response,5,rho,65,0.9188907391938512,0.9185314685314685,0.039419045544456424,0.2789175832216622,0.8307692307692308
M4_block_alpha_full_response,5,side_bias,65,0.9404771090508414,0.8493444055944056,0.04953589061707096,0.2727444290109573,0.9076923076923077
M7_single_alpha_full_response,1,alpha_general,65,0.6092191901410086,0.5834353146853147,-0.12508600657104696,0.31761223087390694,0.8461538461538461
M7_single_alpha_full_response,1,beta,65,0.8899766754873968,0.9235576923076924,-1.219264151097417,13.373822257705802,0.9076923076923077
M7_single_alpha_full_response,1,rho,65,0.9555722362378658,0.9509178321678322,-0.05375504338225986,0.21148988938019492,0.9384615384615385
M7_single_alpha_full_response,1,side_bias,65,0.9177452182698941,0.8230332167832168,0.051155443447950484,0.2887522465531652,0.8461538461538461
M7_single_alpha_full_response,2,alpha_general,65,0.6859919099616048,0.666958041958042,-0.01890752949757303,0.2620218316908399,0.8461538461538461
M7_single_alpha_full_response,2,beta,65,0.997791844237776,0.9076048951048951,-1.4541873589757632,11.40494160632577,0.8461538461538461
M7_single_alpha_full_response,2,rho,65,0.9555478926368112,0.9404283216783217,-0.030447662747741678,0.218614543856431,0.9076923076923077
M7_single_alpha_full_response,2,side_bias,65,0.935678049915622,0.8421765734265734,0.011019788641535891,0.2811060329838201,0.8153846153846154
M7_single_alpha_full_response,3,alpha_general,65,0.607125378939106,0.5820804195804196,-0.11484554509850355,0.32270396812689844,0.7230769230769231
M7_single_alpha_full_response,3,beta,65,0.9822871282942762,0.9031031468531469,-0.03236820992805576,5.060409672786084,0.8615384615384616
M7_single_alpha_full_response,3,rho,65,0.9297476102823756,0.8989947552447553,-0.005827815801813615,0.24913629276312094,0.9230769230769231
M7_single_alpha_full_response,3,side_bias,65,0.9526237290742108,0.8950611888111888,0.027027485576422705,0.2435429796431106,0.9384615384615385
M7_single_alpha_full_response,4,alpha_general,65,0.7084864581398232,0.6865384615384615,-0.0512501745754013,0.24328771880605535,0.8461538461538461
M7_single_alpha_full_response,4,beta,65,0.9479331150090886,0.9427884615384615,1.368838457488776,9.886602984050091,0.8307692307692308
M7_single_alpha_full_response,4,rho,65,0.9205607383081431,0.9011363636363636,-0.03475551418366305,0.2596762188314169,0.8769230769230769
M7_single_alpha_full_response,4,side_bias,65,0.9511359525387423,0.8653409090909091,-0.07357941682211387,0.2577926059671696,0.8923076923076924
M7_single_alpha_full_response,5,alpha_general,65,0.6829451794751267,0.6929195804195805,-0.07083661959098163,0.2744183921951687,0.9692307692307692
M7_single_alpha_full_response,5,beta,65,0.9877672487260493,0.9083479020979021,-0.10305565004764923,2.0426279434434305,0.8923076923076924
M7_single_alpha_full_response,5,rho,65,0.9135844449688447,0.9163461538461538,-0.025100660575795138,0.2675368099348618,0.8615384615384616
M7_single_alpha_full_response,5,side_bias,65,0.9455449025289323,0.8263111888111888,0.04294388873253087,0.2423900323729271,0.9230769230769231
